dst,repulink_score
1,5.234431065655139e-11
2,6.131623376278276e-11
3,4.2929742549464034e-11
4,5.734982303174685e-11
5,3.0166404633861843e-11
6,3.031741967810977e-11
7,3.1812723897703595e-11
8,2.3941070567083215e-11
9,2.7038976396071637e-11
10,2.281140726991867e-11
11,2.7737044167952237e-11
12,1.8887680907719128e-11
13,1.9573419301649272e-11
14,1.9216952254541877e-11
15,1.8635145493439684e-11
16,2.301684512534903e-11
17,1.6851476632873587e-11
18,1.603769918883621e-11
19,1.7320469040844418e-11
20,1.5392823072409723e-11
21,1.6823221357098773e-11
22,1.6314229630823417e-11
23,2.02223447618091e-11
24,1.5154646440109116e-11
25,1.5117643788327543e-11
26,1.5328929456962413e-11
27,1.2882475017616658e-11
28,1.490693650008352e-11
29,1.3173907432595034e-11
30,1.173346189146092e-11
31,1.448523834041609e-11
32,1.2674310736624546e-11
33,1.1877508644264259e-11
34,1.1704701440280682e-11
35,8.942743194320612e-12
36,1.1802950399143714e-11
37,1.2898629363329835e-11
38,1.1913275919640142e-11
39,1.1116676161763602e-11
40,1.2241618419499432e-11
41,1.0011700117007717e-11
42,1.0912373398149412e-11
43,1.0516571898929752e-11
44,1.0741000888947965e-11
45,1.1119718365283487e-11
46,8.373194078065183e-12
47,9.33698206635125e-12
48,1.022907808224917e-11
49,9.278326757910575e-12
50,9.248607683418276e-12
51,8.43923655261726e-12
52,9.267852780024782e-12
53,3.9150093687847466e-12
54,1.1888334523996332e-11
55,7.589622773302678e-12
56,6.955350578079783e-12
57,7.620936396824408e-12
58,9.04974357091611e-12
59,6.990288348862479e-12
60,8.440975597612744e-12
61,4.772043096127317e-12
62,5.566776381524109e-12
63,9.188488375857101e-12
64,5.274972509508214e-12
65,8.283955416236189e-12
66,7.2100067956997506e-12
67,7.646027054599958e-12
68,6.590768521515293e-12
69,8.263720056711984e-12
70,6.460921486242979e-12
71,6.887059968252387e-12
72,6.803893412623496e-12
73,6.495131218177215e-12
74,8.632046966070729e-12
75,7.227821044336605e-12
76,4.4189491905836265e-12
77,7.224878152511384e-12
78,6.5221126046128844e-12
79,8.032239405964357e-12
80,6.4783351488723194e-12
81,5.371326806948634e-12
82,5.29459705960569e-12
83,5.986189146744379e-12
84,9.39758670968912e-12
85,8.304973012188805e-12
86,4.2128857853436636e-12
87,5.474786123254517e-12
88,6.121058721317232e-12
89,6.8317760224155605e-12
90,9.419458087996047e-12
91,7.842411186532178e-12
92,6.0031753900664305e-12
93,6.655606676579524e-12
94,3.792063409732836e-12
95,1.0777199521668172e-11
96,4.181769517356601e-12
97,5.603696117301188e-12
98,4.323998970893322e-12
99,6.8214322043025695e-12
100,5.85890744346689e-12
101,4.400155345012855e-12
102,5.748751338673564e-12
103,5.046424734868591e-12
104,2.9036681414835924e-12
105,5.631129760993307e-12
106,6.38656975998326e-12
107,6.361344956350532e-12
108,7.0622446463075314e-12
109,6.801258118761779e-12
110,5.47093120425345e-12
111,3.835050739883798e-12
112,4.362329276345474e-12
113,8.755675356253935e-12
114,3.9858499046572344e-12
115,5.0787197820169055e-12
116,4.809301294503936e-12
117,4.988117045418686e-12
118,4.718273575726074e-12
119,6.72614925044774e-12
120,4.8821066740250996e-12
121,4.79306932519566e-12
122,4.999618313635962e-12
123,4.508620303051852e-12
124,7.1315560892672755e-12
125,6.32309229825659e-12
126,4.202506389681813e-12
127,3.542729507208431e-12
128,4.4132789830656824e-12
129,3.6595975572890215e-12
130,5.8339202085127834e-12
131,5.971846570835595e-12
132,5.277967931029309e-12
133,4.7667547021569655e-12
134,4.619830528571276e-12
135,3.945867181416607e-12
136,4.612016392831485e-12
137,3.2435989709448454e-12
138,4.5634705180393576e-12
139,3.145596985760131e-12
140,4.5978221738587375e-12
141,2.646694255159349e-12
142,6.24603879876808e-12
143,3.1161109403379536e-12
144,3.088360357670842e-12
145,1.4029793591550469e-11
146,4.2261349564787454e-12
147,2.4878823447989325e-12
148,5.42137025565359e-12
149,4.253559823403002e-12
150,6.260408439652421e-12
151,6.0891717824763906e-12
152,5.7286132281864265e-12
153,4.740136239643942e-12
154,4.260847007112757e-12
155,4.138521770797166e-12
156,3.7862235899307385e-12
157,2.6231685191462884e-12
158,3.837353561103438e-12
159,5.365647400384014e-12
160,3.65083346590444e-12
161,3.7240098804677914e-12
162,3.0161790464590066e-12
163,3.699794723835785e-12
164,2.8855466458071924e-12
165,3.731875318428031e-12
166,4.9461597434864174e-12
167,4.004396140926723e-12
168,4.333082412916376e-12
169,3.430895998841055e-12
170,3.822772097308613e-12
171,3.1695124676200352e-12
172,3.405879765406979e-12
173,3.2002791357816075e-12
174,3.5185530490278604e-12
175,3.883821065859364e-12
176,6.596866603202349e-12
177,2.2660945528277637e-11
178,3.431406756019449e-12
179,2.1428820292934885e-12
180,9.248245983754063e-13
181,3.225778826442293e-12
182,4.004599403397633e-12
183,4.1104526707184676e-12
184,3.029197650243196e-12
185,6.702292702296875e-12
186,9.315805420945701e-13
187,2.2407690589711855e-12
188,1.0061910907684695e-11
189,3.082683575583319e-12
190,3.2149610965274167e-12
191,2.6230626890969803e-12
192,2.919068238432486e-12
193,2.8979670303073495e-12
194,3.0462865857220257e-12
195,4.3467269641849114e-12
196,2.8568301116647848e-12
197,3.847574625852686e-12
198,3.155183623893553e-12
199,3.248773126820844e-12
200,7.50531732372042e-12
201,2.9258195570783423e-12
202,3.386699562188226e-12
203,3.0464707146758764e-12
204,2.960370323536025e-12
205,3.0914796750291443e-12
206,3.310073489119699e-12
207,3.1555119358357458e-12
208,3.224100752299814e-12
209,3.2302220409730276e-12
210,2.9374963923892092e-12
211,3.3468311635748223e-12
212,2.249499001771351e-12
213,4.332094148260746e-12
214,3.108656366504004e-12
215,2.7343933711698274e-12
216,2.6292312509093086e-12
217,3.318351279273517e-12
218,3.86382172432e-12
219,3.085638715605501e-12
220,2.1844142711307294e-12
221,3.4584860773775537e-12
222,3.712059288651406e-12
223,3.800021975001182e-12
224,3.5577044186488453e-12
225,3.061296960483001e-12
226,4.06565018057886e-12
227,2.664360346999017e-12
228,2.226038822759232e-12
229,2.4688716628928445e-12
230,1.0962004092350595e-12
231,3.20871524766078e-12
232,2.867198627741451e-12
233,2.3189493612053533e-12
234,3.284874279849114e-12
235,3.0384206078035628e-12
236,2.0340291639187766e-12
237,3.9590666805284456e-12
238,3.5948618886229677e-12
239,1.3354616488005225e-11
240,2.9407345445086067e-12
241,2.8575735388459423e-12
242,2.8560207284223723e-12
243,2.4711193351768363e-12
244,3.939971064364461e-12
245,2.6967613505359168e-12
246,1.2193352757122494e-12
247,2.080445395190159e-12
248,2.578443866196536e-12
249,3.188980992023672e-12
250,3.015599934282224e-12
251,2.9459484943913644e-12
252,3.739009670987531e-12
253,2.4806053741344702e-12
254,2.485882486684885e-12
255,3.2496487847896265e-12
256,3.2599367462108424e-12
257,3.366023498644074e-12
258,2.2656711718274847e-12
259,2.589743196494958e-12
260,3.5189901394339873e-12
261,3.2340410922479558e-12
262,2.4953150530007902e-12
263,3.1315772854657617e-12
264,2.487881119719296e-12
265,2.2793731310459043e-12
266,2.564346389077753e-12
267,3.810869899736597e-12
268,2.430574497800933e-12
269,1.6441172642146363e-12
270,3.700067419346342e-12
271,2.844986832905516e-12
272,4.442413380305467e-12
273,1.877706014747817e-12
274,2.4739477886699184e-12
275,2.900768850105655e-12
276,2.492745422307365e-12
277,2.4009433180527317e-12
278,2.0753996170945577e-12
279,1.950854684803678e-12
280,2.176450920549798e-12
281,1.3968185775676836e-12
282,1.935462675397358e-12
283,2.842285136583072e-12
284,2.2535557952783896e-12
285,2.700280929797597e-12
286,2.0724593476379263e-12
287,2.744415454630018e-12
288,4.072639046499486e-12
289,2.2447710026029913e-12
290,2.3821612689397004e-12
291,2.5926645842780925e-12
292,2.189819769985479e-12
293,2.589819678714059e-12
294,4.9019404080106136e-12
295,2.296733134562971e-12
296,2.8413181571971264e-12
297,1.3864931483731582e-12
298,2.0826624089991335e-12
299,2.6120694172730255e-12
300,1.7576233705924053e-12
301,2.1127417557852216e-12
302,2.2711925874189735e-12
303,2.655515708585846e-12
304,1.7465518182078719e-12
305,2.0958577906745514e-12
306,2.4598428514467084e-12
307,7.762910854058678e-13
308,1.932332611301047e-12
309,2.083723046573847e-12
310,1.905066893725171e-12
311,2.8634298728196008e-12
312,2.6276218175376595e-12
313,2.2521310369360844e-12
314,5.027430537082796e-12
315,1.853441115681498e-12
316,1.1010667343937304e-12
317,1.8570898144787723e-12
318,2.5841374324702807e-12
319,1.886956608773734e-12
320,1.8853466146467557e-12
321,1.6164823077366335e-12
322,1.5573746540999311e-12
323,2.9744205567830035e-12
324,1.9391349510325097e-12
325,1.4139009952286338e-12
326,2.308588707124531e-12
327,1.950208753859649e-12
328,2.740888471262868e-12
329,2.1947400002426987e-12
330,1.6940527360367783e-12
331,1.7043400631695504e-12
332,1.7058138176812277e-12
333,2.0945081360830116e-12
334,1.9046119461240896e-12
335,2.4443366486676565e-12
336,2.21160786077842e-12
337,1.1493383154837928e-12
338,0.06247048851847571
339,2.399923561072405e-12
340,2.1979468682693838e-12
341,1.7990098650676326e-12
342,1.344803212290677e-12
343,2.101934159121098e-12
344,1.5941411101770754e-12
345,1.5776796192562264e-12
346,1.8155104282667427e-12
347,1.775562262481064e-12
348,1.726584767970101e-12
349,1.933004002735977e-12
350,1.5835839503093113e-12
351,1.8114632338809365e-12
352,1.5725012862861691e-12
353,2.441412210133039e-12
354,2.1972920585177278e-12
355,2.6638929731206884e-12
356,2.1659860423896947e-12
357,2.4500352038217602e-12
358,1.7131588799754234e-12
359,9.023376056545545e-13
360,2.1986458630563765e-12
361,2.0392317202180682e-12
362,2.3373419910635924e-12
363,1.1613328090406314e-12
364,2.422362817278152e-13
365,1.888668253298637e-12
366,1.8065083019445463e-12
367,1.988133417752369e-12
368,2.076432678766731e-12
369,1.7772440252438334e-12
370,2.0699560311321632e-12
371,1.7312579026805873e-12
372,1.3036898202642052e-12
373,1.82339973545458e-12
374,5.634132687840642e-13
375,1.5485651007425472e-12
376,1.2938949867041526e-12
377,1.1643869950849196e-12
378,4.0717184801950326e-13
379,2.2126741435900127e-12
380,2.092628041629283e-12
381,2.188882925616935e-12
382,2.337620738435888e-12
383,2.3266830566074687e-12
384,3.052198688119073e-12
385,1.877038741494261e-12
386,1.6367148600299328e-12
387,1.6297159030481667e-12
388,5.433269109419484e-13
389,1.6241154302748873e-12
390,1.6118832393581125e-12
391,1.834223989945305e-12
392,1.4905643483777307e-12
393,1.3886308411218248e-12
394,1.9024650201864882e-12
395,1.7733395583100385e-12
396,1.9260891934635722e-12
397,1.8510280000242707e-12
398,1.5957260272411506e-12
399,1.0055612517771773e-12
400,4.993969349605777e-13
401,1.441720750113683e-12
402,1.9921198377247057e-12
403,1.879194069622975e-12
404,1.837523723353024e-12
405,1.6096437488765627e-12
406,2.6511942306901643e-12
407,8.872451743773237e-13
408,2.946721015168875e-12
409,8.492151613997565e-13
410,1.1083679569573851e-12
411,1.5531760438984805e-12
412,1.4359893153119577e-12
413,1.329794150696077e-12
414,5.114478885640477e-13
415,2.901691847526095e-12
416,2.213935487340456e-12
417,1.349427611472695e-12
418,5.028192939826207e-13
419,2.7081276360922807e-12
420,2.308106948734735e-12
421,8.549255836932434e-13
422,1.830832527683606e-12
423,1.419384627030973e-12
424,1.5496746603966912e-12
425,1.2713086583292132e-12
426,3.444011638814235e-12
427,1.2182116048057924e-12
428,1.084106527974629e-12
429,1.7427003684381483e-12
430,6.362400467650555e-13
431,2.076575521721651e-12
432,1.4278537704407014e-12
433,1.5223159124295923e-12
434,9.398069096586134e-13
435,1.5466920474658233e-12
436,2.176225980348867e-12
437,1.9722306696430026e-12
438,1.685100642429635e-12
439,3.091025857048663e-12
440,1.07324456426621e-12
441,2.1202770238224347e-12
442,1.704284181957e-12
443,1.2539418500570279e-12
444,2.1474535787186948e-12
445,1.7645725278955056e-12
446,1.7287145317258417e-12
447,1.896889877175259e-12
448,9.534482240084577e-12
449,1.7699914763581468e-12
450,1.5548749986984425e-12
451,1.5379662206183918e-12
452,1.260843391982791e-12
453,1.3868370706329207e-12
454,1.365794486975333e-12
455,1.343213566990337e-12
456,8.102038894699476e-13
457,1.480372046863429e-12
458,8.085257544389748e-13
459,1.1103462022256993e-12
460,1.873504492092518e-12
461,7.976297766464626e-13
462,1.2191802260656855e-12
463,1.071613848273596e-12
464,1.4916005949681864e-12
465,1.1368005307976046e-13
466,1.6125114658397076e-12
467,1.5304826492655568e-12
468,1.7934399753837133e-12
469,4.755448547096848e-12
470,3.958212805474922e-13
471,1.8120108303495416e-12
472,1.6877147283738558e-12
473,1.925694228595672e-12
474,1.1310124797222809e-12
475,9.552260258883361e-13
476,1.2740465045123375e-12
477,3.096315460435389e-12
478,2.060230738709125e-12
479,1.500447308968834e-12
480,9.622550091847883e-13
481,9.699847878523244e-13
482,1.5412853895892126e-12
483,2.1132802100507475e-12
484,1.5519143342399322e-12
485,1.2756261676196655e-12
486,1.3434896245094247e-12
487,2.3673977952158343e-12
488,8.872384883992554e-13
489,1.7885064092038537e-12
490,1.15439614332622e-12
491,3.049078566054714e-12
492,1.4723963605010233e-12
493,1.4123633729288155e-12
494,1.0144795101761306e-12
495,1.042581495484766e-12
496,7.773565274788557e-13
497,9.913707920900413e-13
498,1.1405018436323139e-12
499,4.550048603507816e-13
500,1.53783299518816e-12
501,1.5928773267975154e-12
502,1.0215769412073654e-12
503,2.7122652365706814e-12
504,1.2203021081029047e-12
505,1.4732540975257202e-12
506,1.268295373497294e-12
507,2.024135750064076e-12
508,1.7231326037595743e-12
509,2.0931443761878837e-12
510,1.1535643290072468e-12
511,5.917545998132398e-13
512,1.5199592688260012e-12
513,1.4301743698572247e-12
514,1.400612341320704e-12
515,3.5709946339213066e-12
516,1.1498539234444229e-12
517,1.6025031760114376e-12
518,3.110070241280311e-12
519,1.4317025577186403e-12
520,8.186533660576805e-13
521,1.5527740871271518e-12
522,1.898285423051093e-12
523,1.2241026047513609e-12
524,1.1414680194468773e-12
525,6.585775484848929e-13
526,1.0374434852613953e-12
527,0.039984840765315534
528,1.144568367667497e-12
529,1.007654465458641e-12
530,1.2911630375512422e-12
531,1.876624781409722e-12
532,1.4815348055947164e-12
533,1.2474027458157526e-12
534,1.1344015916856333e-12
535,1.6506155808886309e-12
536,2.1698488128934353e-12
537,1.2379542562265542e-12
538,4.5118495967330977e-13
539,6.10755580500945e-13
540,1.3047762698826713e-12
541,2.907285069405084e-12
542,1.3573793987022304e-12
543,9.882012197705966e-13
544,1.1664969996164471e-12
545,1.5878981756893354e-12
546,1.3290191779428568e-12
547,1.2570067598325338e-12
548,9.851319264842532e-13
549,1.5170237952992264e-12
550,9.52745573012684e-13
551,1.151969366866925e-12
552,9.354801107892383e-13
553,9.049422698846288e-13
554,1.48474905965182e-12
555,1.2510983388324868e-12
556,1.6846014134402387e-12
557,1.2702247294109985e-12
558,1.1525931228034272e-12
559,1.0872421255870775e-13
560,9.653218205424232e-14
561,1.2694400045948557e-12
562,1.7401100940456316e-12
563,1.6142114809793848e-12
564,1.5861072726879218e-12
565,9.969101403945171e-13
566,1.916953687617409e-12
567,1.4765249359805468e-12
568,1.1262838203942465e-12
569,1.709388640114003e-12
570,1.2733667475332075e-12
571,5.249938261941815e-12
572,1.187491791246311e-12
573,1.6817069331509402e-12
574,1.2438366632534226e-12
575,1.2206509541503668e-12
576,1.4509658201617467e-12
577,1.7831765392580903e-12
578,1.4587540665113368e-12
579,1.3718752287285942e-12
580,1.35748159289215e-12
581,1.2142233242672312e-12
582,7.934691583638519e-13
583,5.857001677610675e-13
584,1.6829515769770878e-12
585,1.061986921924807e-12
586,1.0612734733592816e-12
587,1.1353349134864417e-12
588,1.0710777187832912e-12
589,6.534088389113994e-13
590,7.586798966654897e-13
591,1.2915269240963485e-12
592,1.243289102416325e-12
593,1.0681988747961971e-12
594,1.1809317708077995e-12
595,2.808989843036023e-12
596,1.0614318207702187e-12
597,1.4832874038338718e-12
598,1.5248251733847615e-12
599,1.1198818113123283e-12
600,1.3213477907276363e-12
601,9.208976204711174e-13
602,1.321621982829974e-12
603,8.614874830933174e-13
604,1.3496495141763344e-12
605,7.320242655305484e-13
606,4.61311178184535e-13
607,3.814573246768163e-12
608,1.454862562883137e-12
609,1.3934047504112998e-12
610,1.1827872918913432e-12
611,4.210805848034045e-12
612,1.2290711325815243e-12
613,1.7918550059872402e-12
614,3.3483233534596287e-12
615,1.2792671288666552e-12
616,1.1402653081669493e-12
617,1.022954522323973e-12
618,7.575695207689446e-12
619,1.1424163843741128e-12
620,7.262948208184467e-13
621,1.0107407964223863e-12
622,1.2064317262448997e-12
623,1.6773608911717466e-12
624,1.6569536981424664e-12
625,3.339474742001548e-12
626,9.784947992468043e-13
627,8.27453404997199e-13
628,5.360897768589228e-13
629,1.1175231637422854e-12
630,8.014644589950658e-13
631,1.4527010440897034e-13
632,1.134946126315602e-12
633,9.077074786465836e-13
634,5.851430859908674e-13
635,1.33098698747222e-12
636,3.7265715099288716e-13
637,1.0258195575500748e-12
638,1.174126742076926e-12
639,9.0992860341145e-13
640,9.911549636134276e-13
641,1.7912078391378566e-12
642,8.197015826716625e-13
643,9.889631515985052e-13
644,3.21792843284404e-13
645,1.7294000902713775e-12
646,7.568756329775855e-13
647,9.672594003815858e-13
648,2.3603911845682816e-13
649,1.0495498586534175e-12
650,9.443205346124095e-13
651,9.33005536782332e-13
652,5.555982588523182e-14
653,4.163985899555187e-13
654,1.1093312840086223e-12
655,1.415809330654248e-12
656,2.477728267062504e-12
657,1.0173095116963138e-12
658,6.81842545499082e-13
659,8.049393672090723e-13
660,1.1100956823543477e-12
661,1.2793278261365586e-12
662,1.076837146780075e-12
663,1.0559590876553324e-12
664,1.0745207437096654e-12
665,3.6073338323169654e-12
666,8.378437883086587e-13
667,2.3304340227110896e-12
668,1.0713237439496386e-12
669,1.0030425214600735e-12
670,1.245180484372287e-12
671,1.3492904739299325e-12
672,8.389053864182564e-13
673,9.802016141505597e-13
674,8.311459080527557e-13
675,1.2520744713688095e-12
676,1.3919588308995238e-12
677,1.0066490000603143e-12
678,1.2291901260449006e-12
679,1.4840370766131891e-12
680,2.2278752483949942e-12
681,8.664648004969314e-13
682,9.184809928802447e-13
683,1.005488330053351e-12
684,7.462448163402826e-13
685,1.0161672772970211e-12
686,1.1698195858839958e-12
687,8.515303673205011e-13
688,1.2802990891894322e-12
689,1.4578759884210486e-12
690,1.5256340634685164e-12
691,4.373233505809846e-13
692,9.222052450221786e-13
693,8.262867640914835e-13
694,7.501028829024478e-13
695,8.464326694176474e-13
696,9.73105767080893e-13
697,9.225744084049518e-13
698,5.143886112115453e-13
699,9.420160896923295e-13
700,1.0933688161192804e-12
701,1.4709300572997214e-12
702,1.101760722913187e-12
703,7.806707402869438e-13
704,7.152433902492858e-13
705,1.2614815640710736e-12
706,1.7229634874168895e-12
707,1.0874806677850455e-12
708,1.0811241802253227e-12
709,9.271763661486505e-13
710,1.2243345053299925e-12
711,1.0710818025245374e-12
712,9.81537112619989e-13
713,9.096253284788346e-13
714,1.1750309019916433e-12
715,1.3311132322206393e-12
716,2.4365223837523855e-12
717,5.504219031852536e-13
718,1.0825061465827079e-12
719,8.058416200395028e-13
720,1.008969112454821e-12
721,1.0059518447602598e-12
722,6.803688139599947e-13
723,7.899025753055489e-12
724,5.626525469242172e-13
725,1.1312573270903232e-12
726,2.3010359641739136e-13
727,1.100373163383299e-12
728,8.270730590457036e-13
729,9.383739103372573e-13
730,8.648980335705266e-13
731,2.4746261701671187e-12
732,9.703681196169725e-13
733,1.1557382932244147e-12
734,1.0011641818248135e-12
735,1.0824908891702766e-12
736,8.887928149463342e-13
737,1.3313167527527623e-12
738,8.064245492843676e-13
739,9.248592081380802e-13
740,1.19765906363914e-12
741,7.29169258057651e-13
742,7.196729912672353e-13
743,9.897249033506382e-13
744,9.643636953908618e-13
745,1.012714978801604e-12
746,7.532264958994816e-13
747,1.1983448512275557e-12
748,1.5594987295222544e-12
749,8.808186127772367e-13
750,6.534678987149552e-13
751,8.587992301863384e-13
752,9.125901614788511e-13
753,8.767388639604001e-13
754,2.5987098866630886e-12
755,7.212483631418879e-13
756,5.277569423334658e-13
757,8.782847417166215e-13
758,6.037109725092509e-13
759,1.3487319426691871e-12
760,0.08486454873566826
761,2.993538654962606e-13
762,7.128713815415814e-13
763,1.0981126590520767e-12
764,8.718612020069974e-13
765,7.917062192000098e-13
766,7.992207347674722e-13
767,1.2209108805718545e-12
768,1.0970212923745326e-12
769,1.5552463000045912e-12
770,8.553511553838289e-13
771,6.123484829288478e-13
772,6.93039426895948e-13
773,6.690084166854853e-13
774,8.301286166394902e-13
775,1.2582165531686715e-12
776,9.129376443440088e-13
777,1.7096978969689892e-12
778,9.312573393869116e-13
779,1.0095961256104908e-12
780,3.2499667719571655e-12
781,1.0814452446294873e-12
782,8.36784303362425e-13
783,8.483909531931752e-13
784,1.0362168526835831e-12
785,1.6168360686060522e-12
786,6.029004346640592e-13
787,9.212683194599789e-13
788,3.6297499092787303e-13
789,1.8309594488274363e-13
790,5.89421360085716e-14
791,8.051142328985653e-13
792,1.5917098137909052e-12
793,5.105205138458296e-13
794,4.800272243145874e-13
795,5.3428299774193756e-14
796,1.083964155308397e-12
797,2.719131531886556e-13
798,6.980979142429703e-12
799,6.696772203468829e-13
800,8.289083617724021e-13
801,2.7483215246318075e-12
802,5.491820525468833e-13
803,6.958873109712022e-13
804,5.207078441010952e-13
805,4.80968030205053e-13
806,8.384119594456113e-13
807,8.3804954642822e-13
808,1.09457575891498e-12
809,9.946786925992993e-13
810,7.051809057802982e-13
811,5.343858503819312e-13
812,9.084558925316497e-13
813,9.373145014779461e-13
814,7.108449930490972e-13
815,7.357601796761621e-13
816,1.1868100422740486e-12
817,5.037131821457652e-13
818,9.357908335776492e-13
819,1.2268929950914566e-13
820,5.409779348411113e-13
821,6.768698804862942e-13
822,6.995418592307912e-13
823,1.027746842792842e-12
824,4.341237683495111e-13
825,8.468452231861251e-13
826,8.996652392815108e-13
827,6.900170782640963e-13
828,3.812394714756052e-13
829,1.9820859624548603e-12
830,6.181296467586966e-13
831,1.5521517046966957e-13
832,5.469786945710616e-13
833,7.916688593590519e-13
834,1.063751304482597e-12
835,5.578464643535075e-13
836,4.6561242389734556e-14
837,5.578464643535075e-13
838,6.747319408889566e-14
839,5.609890861262548e-13
840,9.31923618429353e-13
841,8.934424072907975e-13
842,1.1287202695956395e-12
843,5.659021297259028e-13
844,1.0123654008120256e-12
845,5.329497803716525e-13
846,4.1594137923014307e-13
847,1.9736047240324163e-12
848,1.8106657940015923e-12
849,8.200014641097961e-13
850,7.757968928539395e-13
851,6.614785560778893e-13
852,4.0103234542139905e-13
853,8.566650879779002e-13
854,7.953204779608616e-13
855,1.0201651227917952e-12
856,5.053656196464604e-13
857,7.907372122329801e-13
858,7.806535453829856e-13
859,8.101379839912073e-13
860,7.24306661145836e-13
861,5.984153383726132e-13
862,9.142748283854346e-13
863,2.061533454454538e-12
864,1.1354313707460294e-12
865,9.150298975378726e-13
866,6.370392094266443e-13
867,1.512205871244953e-12
868,7.513903302034553e-13
869,8.488557697045897e-13
870,6.877261480222972e-13
871,7.36759654189088e-13
872,6.79303004593321e-13
873,2.1553710456060967e-13
874,5.694255428667176e-13
875,8.021585619385776e-13
876,1.3569501345673051e-12
877,8.551312459977544e-13
878,6.989629243657132e-13
879,8.364063548447663e-13
880,2.354845661736218e-12
881,6.636333412437356e-13
882,7.814516624372266e-13
883,8.678050603988367e-13
884,9.188376830211953e-13
885,7.845890104096552e-13
886,6.368819610977983e-13
887,8.556274728826194e-13
888,7.565119565455012e-13
889,3.331123083898884e-13
890,8.702041175733226e-13
891,7.488157999121184e-13
892,5.461913029550587e-13
893,8.015750392100989e-13
894,6.55716643122707e-13
895,6.89928236728721e-13
896,7.296806123926749e-13
897,6.171980884308356e-13
898,6.955566031849302e-13
899,9.542149676490249e-13
900,4.948308771599514e-13
901,4.786093834488307e-13
902,3.938130915142753e-13
903,3.331123083898884e-13
904,6.024942537453921e-13
905,1.213757296365598e-13
906,4.139828798698445e-13
907,2.185560031578835e-13
908,3.7773544306094907e-13
909,8.372273809088667e-13
910,5.030880400450128e-13
911,8.15073327513189e-13
912,8.24002093509417e-13
913,6.529674155435801e-13
914,6.586202590731547e-13
915,1.4751263181965995e-12
916,6.660427567832812e-13
917,9.339484349077468e-13
918,7.542751837751348e-13
919,5.088491723960697e-13
920,8.151448096431638e-13
921,6.36383941045992e-13
922,3.301621751724156e-13
923,3.659409049733954e-12
924,6.14202048650865e-13
925,4.668382363402306e-13
926,1.3567024560372363e-12
927,7.967492063037094e-13
928,5.540347366978692e-13
929,6.300602550006507e-13
930,9.872628611779968e-13
931,7.900683424374944e-13
932,5.521494525157277e-13
933,5.757043343047618e-13
934,7.277144398238563e-13
935,7.38388426768399e-13
936,1.880299110887798e-12
937,1.434227177463746e-12
938,7.100980508786022e-13
939,6.60962373364477e-13
940,7.621826565778734e-13
941,1.1061369654031443e-12
942,5.273313887142949e-13
943,6.519890005505341e-13
944,6.280472321881494e-13
945,7.185214629777632e-13
946,1.3502798747227294e-12
947,5.889299126799278e-13
948,7.572250327928963e-13
949,7.034458967500113e-13
950,7.104898885047854e-13
951,9.244324253449134e-13
952,7.457337877428257e-13
953,4.86743128025979e-13
954,6.57807877941083e-13
955,7.24378210278758e-13
956,7.84507901238466e-13
957,2.907307475357987e-13
958,6.60183900354484e-13
959,6.193129222585481e-13
960,6.819270691828665e-13
961,8.053435553843933e-13
962,6.865496103760949e-13
963,3.9986381418489896e-13
964,6.690610324708568e-13
965,6.561969044103821e-13
966,5.987378728582047e-13
967,6.331450331569447e-13
968,8.425806943066167e-13
969,5.563162392694399e-13
970,5.825047728720238e-13
971,6.611313155981424e-13
972,7.023874280554517e-13
973,8.229144033202238e-13
974,6.797119089292069e-13
975,6.573902135507689e-13
976,7.033626271491689e-13
977,8.088949536749706e-13
978,0.08426398933237889
979,4.283997426623966e-13
980,6.427757262859379e-13
981,8.331818390233246e-13
982,6.471735491955541e-13
983,7.632535696923412e-13
984,5.070554452570784e-13
985,5.094408290086195e-13
986,7.326955009240508e-13
987,3.237867584761688e-13
988,5.621581749036288e-13
989,1.4717150158634637e-13
990,6.341644693429583e-13
991,3.4232600742388287e-13
992,6.029431033050069e-13
993,9.53341217824547e-13
994,1.0971163200401889e-12
995,5.047884329146798e-13
996,6.392592430556256e-13
997,6.541256311850051e-13
998,3.291072469784674e-13
999,5.816005105879534e-13
1000,6.294465952505756e-13
1001,7.595735316215064e-13
1002,5.982799037382104e-13
1003,5.503656545609822e-13
1004,8.437445261155907e-13
1005,4.908567107933146e-13
1006,7.025308747741287e-13
1007,3.0290276281814735e-12
1008,1.3833416379851707e-12
1009,6.133649255172498e-13
1010,8.236772276960353e-13
1011,6.418636140947677e-13
1012,6.227063711574224e-13
1013,4.950814360644398e-13
1014,6.82266908846167e-13
1015,5.60910199790313e-13
1016,9.282712893750989e-13
1017,1.4470971314338497e-12
1018,5.857300077239515e-13
1019,5.226738742565744e-13
1020,2.8121126870435375e-13
1021,5.710117802789559e-13
1022,4.43772360480495e-13
1023,4.0902718258750487e-13
1024,4.832329664972913e-13
1025,5.622599082470376e-13
1026,4.3825272140992465e-13
1027,3.6938994316073183e-13
1028,6.174849838103949e-13
1029,5.130994165952359e-13
1030,4.665065218022711e-13
1031,6.344072996522209e-13
1032,6.839542361843093e-13
1033,5.14391440901287e-13
1034,6.118733468680305e-13
1035,8.91921369405798e-13
1036,6.288372344446051e-13
1037,1.1676859108179637e-13
1038,6.642042134530776e-13
1039,4.316844963968257e-13
1040,6.456530220832749e-13
1041,5.62682755445345e-13
1042,4.973084039057963e-13
1043,6.124731783376193e-13
1044,9.974903209222266e-13
1045,4.290680084783712e-13
1046,7.044265373140344e-13
1047,6.63896472945533e-13
1048,6.411022625812675e-13
1049,5.842009385525241e-13
1050,5.342980108513392e-13
1051,4.764244755868617e-13
1052,1.0980685707990174e-12
1053,4.707876755444049e-13
1054,5.783977010663633e-13
1055,2.8211387833845007e-13
1056,6.460218581201301e-13
1057,7.062326849472176e-13
1058,5.547790331440066e-13
1059,4.309714411718588e-13
1060,5.360429050642421e-13
1061,6.299713639100427e-13
1062,5.063712972128549e-13
1063,5.563435899331898e-13
1064,6.540482079224019e-13
1065,5.694895544040122e-13
1066,6.463567852190687e-13
1067,3.2543542630216395e-13
1068,6.481434602737046e-13
1069,7.152850486996794e-13
1070,4.88598206011378e-13
1071,5.116209106606787e-13
1072,6.511033201133382e-13
1073,3.5311634568904204e-13
1074,3.5943770390125717e-13
1075,1.47954286497629e-13
1076,5.456429604054971e-13
1077,4.899749275662202e-13
1078,6.553241081084826e-13
1079,1.4056347733024498e-13
1080,1.7495493978676115e-13
1081,1.4037852589242356e-13
1082,2.9634282780506563e-13
1083,6.353871553640678e-13
1084,7.257736049466057e-13
1085,2.7313247946806397e-13
1086,3.2504552649045214e-13
1087,6.944367312518775e-13
1088,6.991447767575914e-13
1089,4.539549710617206e-13
1090,5.946521886022402e-13
1091,6.325008029734855e-13
1092,5.3567051768456696e-14
1093,2.468101752975717e-13
1094,3.504525423541812e-13
1095,6.167986450018635e-13
1096,4.058439702509971e-13
1097,5.3567051768456696e-14
1098,6.435426644190931e-13
1099,6.646476413687973e-13
1100,8.319332660016068e-13
1101,4.817749045995728e-13
1102,3.568866985394506e-13
1103,5.239848243210061e-12
1104,2.1711056029694785e-12
1105,4.626624268372955e-13
1106,4.65496675837618e-13
1107,6.364617114889575e-13
1108,6.159230674338713e-13
1109,7.249111973394703e-13
1110,1.0464055799313968e-12
1111,4.779491715259803e-13
1112,3.9776220879789357e-13
1113,3.7228918709230654e-13
1114,7.293097115513413e-13
1115,7.880997202554302e-13
1116,4.782984919299907e-13
1117,6.596580060533518e-13
1118,5.766572523753632e-13
1119,9.150941048601242e-13
1120,5.095794452005278e-13
1121,5.660686791406641e-13
1122,4.969399219254289e-13
1123,7.861845307550854e-13
1124,8.282591289161674e-13
1125,6.391230251430949e-13
1126,7.586763020211614e-13
1127,6.592397984966825e-13
1128,4.3800808807469926e-13
1129,6.506154733238784e-13
1130,5.168372015311102e-13
1131,8.332891401215774e-13
1132,4.666065838070102e-13
1133,6.06106270207006e-13
1134,3.4385216141004114e-13
1135,4.023083663352495e-13
1136,4.693356943380762e-13
1137,4.651441366216538e-13
1138,4.703606261893117e-13
1139,5.153416478563964e-13
1140,3.677025190496401e-13
1141,1.9916422308437574e-13
1142,2.4693286392638974e-13
1143,1.8517934699226406e-13
1144,4.352721627759768e-13
1145,4.918528132197005e-13
1146,4.381346367678039e-13
1147,4.5185193320418597e-13
1148,4.3248299510465406e-13
1149,5.005739536780251e-13
1150,4.3541022743606497e-13
1151,5.587872877992395e-13
1152,5.440079639617136e-13
1153,4.750084975794554e-13
1154,4.1068447700577347e-13
1155,6.254311451169148e-13
1156,6.166078211002385e-13
1157,4.1145858312063834e-13
1158,2.875209185249149e-13
1159,5.032825072094992e-13
1160,4.739053646535524e-13
1161,3.968415670722196e-13
1162,5.334665277456201e-13
1163,3.5909895848432344e-13
1164,4.868388248412096e-13
1165,3.8527504991117075e-13
1166,6.515219636713579e-13
1167,4.928063405711273e-13
1168,5.070692739625243e-13
1169,2.526862810793173e-13
1170,4.702238457211633e-13
1171,3.937563596030726e-13
1172,5.383435982415917e-13
1173,3.605242410725275e-13
1174,5.430423195093116e-13
1175,3.896854957243404e-13
1176,2.2549203960805232e-13
1177,4.657906942642207e-13
1178,6.148826004833972e-13
1179,5.786449794460846e-13
1180,4.044474479322947e-13
1181,3.959247320756452e-13
1182,5.902030754584241e-13
1183,2.162999412490199e-13
1184,4.768285713190266e-13
1185,5.856556804200861e-13
1186,4.644390421705337e-13
1187,3.553074094400934e-13
1188,5.109779502433931e-13
1189,2.5694913784165875e-13
1190,3.645914626494805e-13
1191,4.07063994834135e-13
1192,4.944450833704817e-13
1193,2.876720970701951e-13
1194,1.3211474045841213e-12
1195,5.205898814996376e-13
1196,5.970080198330061e-13
1197,4.0733090511972e-13
1198,5.132418899318953e-13
1199,3.215644759663342e-13
1200,1.8838577938756908e-13
1201,4.852679216896264e-13
1202,4.760526309303142e-13
1203,1.8451227764017585e-13
1204,6.851751302217934e-14
1205,3.26542439038786e-13
1206,1.8451227764017585e-13
1207,1.4324504611053725e-13
1208,1.3644532576687775e-13
1209,7.337135463811124e-13
1210,6.489145507337948e-13
1211,4.4639209807047245e-14
1212,3.519224881817665e-13
1213,4.4639209807047245e-14
1214,4.635075438492891e-13
1215,4.4639209807047245e-14
1216,4.4639209807047245e-14
1217,4.4639209807047245e-14
1218,4.1898466355603253e-13
1219,1.6247809949616307e-13
1220,1.6053673871677256e-13
1221,2.5654232717233064e-13
1222,5.209703626247494e-13
1223,4.4639209807047245e-14
1224,4.3720098602188525e-13
1225,1.6881684537528248e-13
1226,6.103555548169085e-13
1227,4.4639209807047245e-14
1228,4.4639209807047245e-14
1229,6.841179990786575e-13
1230,6.492382410001574e-13
1231,4.4639209807047245e-14
1232,3.735436989057689e-13
1233,5.533888719874075e-13
1234,4.401783173834774e-13
1235,1.0598291683097071e-12
1236,8.498133553153945e-13
1237,4.853347024328037e-13
1238,6.788988673200065e-13
1239,5.542430487667524e-13
1240,3.1768973022006606e-13
1241,4.722500642237118e-13
1242,4.860204479112315e-13
1243,5.249698490190089e-13
1244,4.06862573998274e-13
1245,2.1699763174752145e-13
1246,4.1416211053933803e-13
1247,3.2975705266625253e-13
1248,5.989684685998576e-13
1249,1.5157730289710274e-12
1250,4.5050213054799575e-13
1251,5.0390547907292e-13
1252,4.392838638893851e-13
1253,4.337200337618399e-13
1254,4.908550082741737e-13
1255,6.734503517291931e-13
1256,3.272239745869668e-13
1257,4.235557932495391e-13
1258,3.9466758643150206e-13
1259,7.200007472316051e-13
1260,5.075285589465362e-13
1261,4.5046605795547456e-13
1262,6.666717463468874e-13
1263,8.671137602398309e-13
1264,4.750807971106584e-13
1265,2.713670188472744e-12
1266,2.6093579744712453e-13
1267,3.865713128711694e-13
1268,4.064049845043382e-13
1269,5.313623394703567e-13
1270,5.016735427511709e-13
1271,5.169971984431938e-13
1272,3.286331611739841e-13
1273,5.878341611421443e-13
1274,3.7684437055587844e-13
1275,1.2041190120930768e-12
1276,4.3088043652639633e-13
1277,3.450954036709386e-13
1278,4.568484525692303e-13
1279,4.346916285233464e-13
1280,4.188562918702617e-13
1281,1.9211382366208506e-12
1282,4.0726582103185693e-13
1283,3.9029119475204154e-13
1284,4.399999489558981e-13
1285,3.6948347513198806e-13
1286,4.421834046927428e-13
1287,3.8662397311519657e-13
1288,4.0015641797464347e-13
1289,3.8603741105974407e-13
1290,4.081879559368362e-13
1291,3.681757229904565e-13
1292,9.840793570445147e-13
1293,4.094829720795017e-13
1294,5.090915271217372e-13
1295,5.234977630250099e-13
1296,1.5245594958742479e-13
1297,5.18389885429623e-13
1298,5.627571733163106e-13
1299,4.3891400290468226e-13
1300,3.814237625461147e-13
1301,3.3545191051361643e-13
1302,5.154756702568775e-13
1303,1.5245594958742479e-13
1304,3.607173531116073e-13
1305,3.675848478243017e-13
1306,4.007934928673534e-13
1307,3.5225919264741847e-13
1308,3.954483378912097e-13
1309,4.079164836639653e-13
1310,4.0741291019491445e-13
1311,3.049171660842425e-13
1312,2.931493727886042e-13
1313,4.575588777019578e-13
1314,3.605907927986107e-13
1315,3.3335100477479433e-13
1316,4.410607027217106e-13
1317,3.7847791883384996e-13
1318,3.903208654631833e-13
1319,5.71799455640452e-13
1320,4.2938372442028863e-13
1321,2.4684855638608694e-13
1322,7.691724195619668e-13
1323,2.0730643067071393e-13
1324,3.2346149213765744e-13
1325,3.4648683694460427e-13
1326,3.8667513066490496e-13
1327,3.8212643742256114e-13
1328,6.070871827449832e-13
1329,8.196477890044744e-14
1330,5.445821600099771e-13
1331,4.368888280508884e-13
1332,4.2998810793085947e-13
1333,6.219457469288968e-13
1334,4.6127402840315e-13
1335,3.9095349434338225e-13
1336,4.1433276671140787e-13
1337,4.4883987576795734e-13
1338,4.3637534697379173e-13
1339,4.231470795461997e-13
1340,3.5947277329201574e-13
1341,2.0067822912300815e-13
1342,3.8313077759310656e-13
1343,4.56983569774267e-13
1344,5.062329938378386e-13
1345,7.445305592783644e-14
1346,5.158172058302164e-13
1347,3.1244995485020065e-13
1348,4.238565002278934e-13
1349,3.369872439840888e-13
1350,5.079788210565792e-13
1351,2.941858190616916e-13
1352,3.1272584960833215e-13
1353,4.399645749298453e-13
1354,5.41047027821576e-13
1355,3.0911099709976705e-13
1356,4.06896076608592e-13
1357,3.7716500604497527e-13
1358,3.786373810892385e-13
1359,4.315249155766464e-13
1360,4.419425470332805e-13
1361,5.04182950134846e-13
1362,4.514229922969802e-13
1363,4.554211064601779e-13
1364,3.497308422439819e-13
1365,4.265803787395097e-13
1366,3.985518973659578e-13
1367,4.55066123704338e-13
1368,3.7116515598134816e-13
1369,4.744242855683675e-13
1370,3.3490652170361473e-13
1371,5.109178919283424e-13
1372,4.049924777647074e-13
1373,9.113970543280297e-13
1374,4.792444283525644e-13
1375,4.604335980340003e-13
1376,4.1823432048603667e-13
1377,2.625303744283817e-13
1378,4.083321880212064e-13
1379,3.6662332495167386e-13
1380,4.735350810469068e-13
1381,3.832052744750344e-13
1382,2.635602583073481e-13
1383,2.489747509879925e-13
1384,2.8660056643679733e-13
1385,8.147372317693817e-13
1386,2.9805059607210087e-13
1387,2.1432030040669688e-13
1388,4.956523640596476e-13
1389,0.039984840765314784
1390,2.1976512197784125e-13
1391,1.85062393549938e-13
1392,4.346314364786941e-13
1393,2.2269131439627541e-13
1394,4.359847746576146e-13
1395,5.109178919283424e-13
1396,1.984636197746988e-13
1397,7.859801246064344e-14
1398,4.864473974133532e-13
1399,3.2561554178677586e-13
1400,9.367506339730757e-13
1401,2.1801856751830744e-12
1402,6.954971493772161e-13
1403,3.5711367845637806e-14
1404,3.8868150801896333e-13
1405,3.7447775774294004e-13
1406,3.5711367845637806e-14
1407,4.652994622969588e-13
1408,3.5711367845637806e-14
1409,4.388389221687845e-13
1410,3.5711367845637806e-14
1411,3.5711367845637806e-14
1412,3.5711367845637806e-14
1413,3.8308149853014077e-13
1414,3.5711367845637806e-14
1415,4.3450067799985895e-13
1416,3.5711367845637806e-14
1417,4.3527288172666295e-13
1418,3.5711367845637806e-14
1419,1.2286258419843763e-12
1420,3.839568810037829e-13
1421,3.2226066267417696e-13
1422,3.5711367845637806e-14
1423,3.478284223299523e-13
1424,3.571865534249297e-13
1425,2.492712428110764e-13
1426,7.334812481374894e-13
1427,3.758392082570503e-13
1428,2.7376373839341456e-13
1429,3.260869589366886e-13
1430,3.5389846226490623e-13
1431,3.019189016341688e-13
1432,4.1589865481260653e-13
1433,3.214433067535896e-13
1434,2.804895490247511e-13
1435,3.2557165177583474e-13
1436,3.3670940686794496e-13
1437,4.0936360155020275e-13
1438,3.362640334067628e-13
1439,2.2661061423334668e-13
1440,4.1238462913206433e-13
1441,3.5772739615991725e-13
1442,3.1001423953559867e-13
1443,4.695846746333234e-13
1444,4.3186757835797516e-13
1445,4.443438079779814e-13
1446,3.4980001184947747e-13
1447,3.008320280356714e-13
1448,1.9839597551075226e-12
1449,4.08821189326386e-13
1450,5.419031041330435e-13
1451,4.3938705439677865e-13
1452,8.691584913015954e-14
1453,3.4088919528274135e-13
1454,4.263877152057177e-13
1455,5.919634931137269e-13
1456,3.5470134543924166e-13
1457,4.158780742842725e-13
1458,3.131853010037978e-13
1459,3.9833161433315306e-13
1460,3.63902859644221e-13
1461,3.657307127325074e-13
1462,8.076134742530267e-13
1463,3.5598391775709347e-13
1464,1.1308235431272599e-12
1465,4.172710519048586e-13
1466,8.413347453246165e-13
1467,3.204706944598238e-13
1468,3.44058091016134e-13
1469,1.0528275898278814e-12
1470,3.844694813123567e-13
1471,2.8864315454741736e-13
1472,4.937124142962124e-13
1473,2.875552514393467e-13
1474,1.2964757477763238e-12
1475,3.4936954939909034e-13
1476,4.042255000609634e-13
1477,3.292243872768612e-13
1478,3.812769563779742e-13
1479,3.9758074276635667e-13
1480,2.459388073772608e-13
1481,2.542816832409784e-13
1482,3.4578087212435574e-13
1483,3.316785617175236e-13
1484,3.894792285885515e-13
1485,2.7283548563829255e-13
1486,1.5841913157918454e-13
1487,7.697867303047826e-13
1488,2.801729496015511e-13
1489,2.73117874512466e-13
1490,2.8494236337595806e-13
1491,2.823698704531297e-13
1492,4.0545722623101124e-13
1493,3.284676490616849e-13
1494,4.237993087161254e-13
1495,3.3463139605060835e-13
1496,3.15284986796304e-13
1497,3.1061968446192693e-13
1498,2.580970011175711e-13
1499,3.725248585328263e-13
1500,3.342502822228396e-13
1501,2.904111937398046e-13
1502,3.7250109830516227e-13
1503,2.345194982308834e-13
1504,5.219333359696114e-13
1505,2.7484810277227775e-13
1506,3.6355057114607226e-13
1507,2.62327918047259e-13
1508,2.1997039835754502e-13
1509,2.7713862422170386e-13
1510,3.429285331548768e-13
1511,3.627655823475368e-13
1512,1.869923523727229e-13
1513,2.8447882541390635e-13
1514,1.8587683600933032e-13
1515,2.0638967141996166e-13
1516,3.7101058471838904e-13
1517,3.64043718956638e-13
1518,4.245265752279806e-13
1519,3.3024127340933945e-13
1520,3.5284856217736855e-13
1521,3.4000874432519164e-13
1522,3.3609083262962913e-13
1523,3.5832317860514866e-13
1524,2.429587869018897e-13
1525,2.599626337913922e-13
1526,2.583165424544767e-13
1527,3.594469645738583e-13
1528,2.687936561912537e-13
1529,3.487878197260917e-13
1530,3.3303091600238557e-13
1531,3.4278327653444786e-13
1532,3.538417759435764e-13
1533,3.7849891344646166e-13
1534,3.487878197260917e-13
1535,3.466468472269932e-13
1536,3.1282848779889597e-13
1537,3.396203523226632e-13
1538,3.184676060902762e-13
1539,2.4999932573952876e-13
1540,2.5376810529662836e-13
1541,2.996433367815529e-13
1542,3.750850651764012e-13
1543,1.5451102817473156e-13
1544,2.7207635608977036e-13
1545,3.491002775790334e-13
1546,4.087343135426739e-13
1547,3.491002775790334e-13
1548,2.7774497449949755e-13
1549,2.700157246470047e-13
1550,4.3255674517370185e-13
1551,5.538059330184984e-13
1552,2.586950769058139e-13
1553,3.0552787347577856e-13
1554,2.2023381163733134e-13
1555,3.640087865699435e-13
1556,3.136371005454105e-13
1557,3.329953097671527e-13
1558,3.36096700256887e-13
1559,4.5070094151481796e-13
1560,3.264951222745524e-13
1561,2.0624577124401532e-13
1562,3.1561688306035075e-13
1563,2.993664805459005e-13
1564,2.8802758434421585e-13
1565,3.305750974630731e-13
1566,4.467248987219079e-13
1567,3.0006674438660807e-13
1568,1.9893314198943827e-13
1569,3.726259431481758e-13
1570,2.4943641573510483e-13
1571,4.467248987219079e-13
1572,2.8578363018558303e-13
1573,3.380045412301022e-13
1574,3.49855452594843e-13
1575,1.8467244114818048e-13
1576,3.00080103632544e-13
1577,3.3063147589348524e-13
1578,4.43914075732456e-13
1579,4.093145985380066e-13
1580,2.924830230090402e-13
1581,2.6501736765823237e-13
1582,2.1945857822922298e-13
1583,3.5284856217736855e-13
1584,0.06664140127552605
1585,3.4217284350498194e-13
1586,7.655351020942284e-13
1587,2.832983027997924e-13
1588,3.4926788827799045e-13
1589,2.4253841524022585e-13
1590,2.9356467339438925e-13
1591,3.6299483854309755e-12
1592,2.5698729357876175e-13
1593,2.613220679394357e-13
1594,2.0985842194341128e-13
1595,1.2300818509345057e-13
1596,2.1974819617348366e-13
1597,1.945693495261945e-13
1598,1.1563763991852839e-13
1599,2.514543562919851e-13
1600,2.546142936769824e-13
1601,4.852746249932549e-13
1602,3.5613166743363927e-13
1603,3.2735856423054525e-13
1604,1.3442680997182966e-13
1605,7.53406123241985e-13
1606,3.0124965195981903e-13
1607,1.0251302844772141e-13
1608,2.6783525884228348e-14
1609,2.6783525884228348e-14
1610,2.2565879658222222e-13
1611,2.2513235200489898e-12
1612,2.2369584417517123e-13
1613,3.9641123342342915e-13
1614,2.6783525884228348e-14
1615,5.649197327197227e-13
1616,2.318726072703266e-13
1617,1.4111508272842638e-13
1618,3.7466794633987365e-13
1619,3.605239729288257e-13
1620,4.09610486517446e-13
1621,3.6523409327262055e-13
1622,5.365296065791943e-13
1623,2.9751140182755167e-13
1624,6.887558145248114e-13
1625,4.676196060905403e-13
1626,2.8388906773373883e-13
1627,2.998122446529014e-13
1628,2.407209362363729e-13
1629,6.736748674701421e-38
1630,3.237861799604505e-13
1631,9.739156258579641e-14
1632,3.4087865138165717e-13
1633,2.843932446130826e-13
1634,3.4006503982735454e-13
1635,3.8753510204431325e-13
1636,2.633915083262684e-13
1637,2.494631652021877e-13
1638,1.6568899678340116e-12
1639,1.7067050307539716e-13
1640,3.5122209131621945e-13
1641,3.3211584320535476e-13
1642,4.1438347046971877e-13
1643,1.64031435231907e-13
1644,2.8733168531044324e-13
1645,9.329587652451937e-13
1646,3.3386089927945563e-13
1647,2.9974935761204355e-13
1648,4.3541417845353085e-13
1649,2.74039860113857e-13
1650,2.4849726632360284e-13
1651,3.155330922955958e-13
1652,2.9400310171698873e-13
1653,3.1153854684431407e-13
1654,2.0850921665441849e-13
1655,2.7548272965567325e-13
1656,2.1980087952244688e-13
1657,2.2819127881205614e-13
1658,3.6225806948176566e-13
1659,2.5268463593871143e-13
1660,3.137121537925223e-13
1661,2.396515400959876e-13
1662,4.036066468869132e-13
1663,2.4849726632360284e-13
1664,2.763691355398462e-13
1665,3.181237585837819e-13
1666,1.140506046287946e-13
1667,4.0641372917182914e-13
1668,1.3019857904851288e-13
1669,2.641700852280131e-13
1670,2.4849726632360284e-13
1671,2.8265837574080607e-13
1672,2.4849726632360284e-13
1673,2.8517645323781557e-13
1674,5.091310710058592e-13
1675,2.5357454326677516e-13
1676,3.993599110474375e-13
1677,3.0562020653786515e-13
1678,3.5613166743363927e-13
1679,3.3202574786053604e-13
1680,2.454379845025379e-13
1681,2.4849726632360284e-13
1682,1.3019857904851288e-13
1683,4.1584309080928825e-13
1684,2.1371780391090743e-13
1685,2.689124059774232e-13
1686,2.2092024044304177e-13
1687,3.744761126134043e-13
1688,3.6143491906683266e-13
1689,2.5057677434490985e-13
1690,1.8361593321040076e-13
1691,2.629313932876199e-12
1692,3.585262955189873e-13
1693,4.059942647877045e-13
1694,2.552910695156868e-13
1695,3.418926200913223e-13
1696,2.864822578025968e-13
1697,2.5255365316120284e-13
1698,5.560137063616675e-14
1699,2.4274531566614474e-13
1700,3.6025911906105345e-13
1701,2.8398723501227077e-13
1702,3.1023420823142915e-13
1703,2.504491779724684e-13
1704,2.2497984311083014e-13
1705,2.9317777190021663e-13
1706,1.324997117711051e-13
1707,1.23425006727594e-13
1708,2.658435254516844e-13
1709,2.7173162518367426e-13
1710,2.2622442474309605e-13
1711,2.2692454535918033e-13
1712,1.4111508272842638e-13
1713,3.2668523868901056e-13
1714,2.595922229168046e-13
1715,3.05068650016955e-13
1716,2.1529174093488115e-13
1717,2.524061008616897e-13
1718,2.3903731237118184e-13
1719,1.8445410553294562e-13
1720,2.638406622435549e-13
1721,3.057680323205539e-13
1722,1.4111508272842638e-13
1723,1.1254283533397473e-13
1724,2.7637380739030794e-13
1725,3.03335607628114e-13
1726,4.394346211367218e-13
1727,2.1096952520894402e-13
1728,1.9562756007307882e-13
1729,2.4456521920251647e-13
1730,2.657332164818281e-13
1731,2.614848840129571e-13
1732,2.0656144122997195e-13
1733,2.0290485459020785e-13
1734,2.774832439512993e-13
1735,2.131647547229013e-13
1736,1.7668199740128597e-13
1737,3.4745539795066774e-13
1738,4.5037260715690895e-13
1739,2.1320384142728367e-13
1740,1.9607514223903676e-13
1741,3.5336099920172193e-13
1742,2.283263822435069e-13
1743,3.5587430582173995e-13
1744,2.372554775260031e-13
1745,2.5173844917242353e-13
1746,2.18972201765669e-13
1747,1.3835741378028265e-13
1748,2.740326957443013e-13
1749,2.6133900930800833e-13
1750,2.759614294160628e-13
1751,4.519915593944569e-13
1752,1.6108178683367593e-13
1753,2.2630705951435718e-13
1754,2.1357526476087313e-13
1755,2.928553233430575e-13
1756,3.7905201011503674e-13
1757,2.8777869878895565e-13
1758,2.4938933982326623e-13
1759,2.7171765194092037e-13
1760,1.1110279732165616e-12
1761,4.202584705078552e-13
1762,2.8546104035237626e-13
1763,3.430796733842712e-13
1764,2.42289881927894e-13
1765,1.7257104882247474e-13
1766,2.0399919158753806e-13
1767,3.0074481553683033e-13
1768,2.7939364389961974e-13
1769,1.048486568135869e-13
1770,2.293714822857757e-13
1771,2.2987091598259257e-13
1772,2.2690431943328839e-13
1773,4.717519078484355e-13
1774,2.2626986278078634e-13
1775,1.8211072775336607e-13
1776,2.429484208606259e-13
1777,1.8382977319205165e-13
1778,1.2629852745809056e-13
1779,2.324483906905132e-13
1780,2.963980387326316e-13
1781,2.6721537673474047e-13
1782,2.7939364389961974e-13
1783,2.047333444815865e-13
1784,3.0313690875081154e-13
1785,2.6897659474426835e-13
1786,2.1263390014445202e-13
1787,2.2519095632620257e-13
1788,2.8950977065948517e-13
1789,2.6986878163145925e-13
1790,2.735213841382921e-13
1791,3.159677603649813e-13
1792,2.075725826866634e-13
1793,2.690274150870031e-13
1794,3.5194450682428366e-13
1795,2.713249767965542e-13
1796,2.1393774640092954e-13
1797,2.066855888447704e-13
1798,2.213581536264732e-13
1799,2.865349111333734e-13
1800,2.4047609572041204e-13
1801,2.767527334470229e-13
1802,2.1779475273220355e-13
1803,2.3441990975882707e-13
1804,1.5370982372073043e-13
1805,2.7559217990606696e-13
1806,1.5479225356497126e-13
1807,2.505323653854403e-13
1808,2.7959247228621366e-13
1809,1.7525319503052735e-13
1810,2.6159086479456877e-13
1811,9.206536858918402e-13
1812,2.4976556540437797e-13
1813,2.2101499959950288e-13
1814,2.0413574399182744e-13
1815,2.3908738338710805e-13
1816,2.932606946007298e-13
1817,2.6159086479456877e-13
1818,2.6182520818427504e-13
1819,2.750749356909513e-13
1820,1.4049446868934283e-13
1821,2.1007632443073005e-13
1822,2.8210274679235923e-13
1823,1.9019198812413888e-13
1824,2.6182520818427504e-13
1825,1.7479929770506324e-13
1826,2.721466442112621e-13
1827,2.767527334470229e-13
1828,2.2178179958056515e-13
1829,2.0449119769313547e-13
1830,2.026394440076221e-13
1831,2.1262581593401507e-13
1832,2.7523116461742217e-13
1833,1.886141288840264e-13
1834,2.7379464630342193e-13
1835,2.270846277940909e-13
1836,3.676233965245632e-13
1837,2.1599774257162752e-13
1838,2.4023683549949296e-13
1839,2.627622793338588e-13
1840,2.1863061665031932e-13
1841,1.297982186437683e-13
1842,1.9030258995698338e-13
1843,2.4132137381768124e-13
1844,1.909965328374066e-13
1845,2.737107635230083e-13
1846,2.8253499240139597e-13
1847,1.9852861158965956e-13
1848,2.498825166468537e-13
1849,2.6182520818427504e-13
1850,7.100350026722188e-13
1851,2.979118602164007e-13
1852,2.5471639261053466e-13
1853,2.0136183748246812e-13
1854,2.270824843270753e-13
1855,2.6681562980095776e-13
1856,2.555691230371985e-13
1857,2.6200456792406774e-13
1858,6.246771177769707e-14
1859,2.283100502162688e-13
1860,2.2899238129177134e-13
1861,2.6815804094929794e-13
1862,3.2202823784812796e-13
1863,2.437078072015888e-13
1864,1.9735360193807821e-13
1865,3.2165380993995843e-13
1866,3.7739864677087865e-13
1867,2.452212050596439e-13
1868,2.8785302089102656e-13
1869,3.8773471120279137e-13
1870,0.039984840765314784
1871,2.2757543529337335e-13
1872,3.020430774837163e-13
1873,2.0505443423056705e-13
1874,2.167067167096025e-13
1875,2.5305193433564695e-13
1876,2.2001700110439657e-13
1877,2.55449226006159e-13
1878,1.9510659206717174e-13
1879,1.0422913903199803e-13
1880,2.540434019358557e-13
1881,3.0887818501578286e-13
1882,2.6264372015657666e-13
1883,2.6506008251485173e-13
1884,2.600973128000113e-13
1885,2.1597896948081686e-13
1886,2.194245047009889e-13
1887,2.419414640191171e-13
1888,1.9172550261846962e-13
1889,1.7156026111857137e-13
1890,2.5596928671800187e-13
1891,3.0931056300182423e-13
1892,2.5819210502131447e-13
1893,1.6276545309103152e-13
1894,2.36701566339365e-13
1895,3.4622116694347857e-13
1896,3.2896711303976404e-13
1897,1.0224123127822186e-13
1898,1.9104031087823235e-13
1899,2.2926554532091296e-13
1900,2.138957968544708e-13
1901,2.646364216330264e-13
1902,9.522279158140188e-14
1903,1.761380939330401e-13
1904,1.4619412927922363e-13
1905,2.209479236499865e-13
1906,1.9603682104526025e-13
1907,1.5540222633580523e-13
1908,2.0264275707149628e-13
1909,2.1939158163911854e-13
1910,1.806952817441106e-13
1911,2.606314599594278e-13
1912,1.287618900011265e-13
1913,1.6100984385909275e-13
1914,1.965155094774771e-13
1915,1.524983822320947e-13
1916,1.0937107776788884e-13
1917,1.9273888350799752e-13
1918,1.6387836855301012e-13
1919,2.2392017979760357e-13
1920,2.0446122624791312e-13
1921,7.400398125546134e-13
1922,2.252285227095934e-13
1923,2.1392485196031658e-13
1924,1.5086496214845482e-13
1925,1.8424609035989749e-13
1926,1.4933539264473553e-13
1927,2.3904633215681505e-13
1928,2.1845034889351486e-13
1929,0.0878215181961288
1930,2.349742913529494e-13
1931,1.5723723532005401e-13
1932,3.632981586691883e-13
1933,2.1146314740053233e-13
1934,1.4717590699716929e-13
1935,1.7725012872192274e-13
1936,1.87782622606947e-13
1937,2.144817507654326e-13
1938,1.3854507330766706e-13
1939,2.1763843839120797e-13
1940,1.4717590699716929e-13
1941,1.484135927275139e-13
1942,2.2503574036007366e-13
1943,2.2746929907606307e-13
1944,2.144817507654326e-13
1945,2.144817507654326e-13
1946,2.0386302251499622e-13
1947,1.857983166056576e-13
1948,2.5270134007669117e-13
1949,4.1061651984810186e-38
1950,4.1061651984810186e-38
1951,2.113541030182648e-13
1952,1.7642428108868427e-13
1953,1.4717590699716929e-13
1954,8.934579011072318e-14
1955,1.4938237380602242e-13
1956,1.353663286242922e-13
1957,2.5080911817811483e-13
1958,6.219725101634625e-13
1959,1.4240700739014575e-13
1960,1.95551711924271e-13
1961,1.8218071521610343e-13
1962,1.02211983000457e-12
1963,1.229694036886304e-13
1964,2.0037151526525577e-13
1965,1.8756716954461134e-13
1966,1.0661918250887767e-13
1967,1.4028209038733765e-13
1968,1.9829012115922258e-13
1969,2.3095544877119655e-13
1970,9.825926246129345e-14
1971,2.3015097982070167e-13
1972,6.219725101634625e-13
1973,1.823712576733897e-13
1974,2.4959028046296704e-13
1975,2.3577052244376716e-13
1976,0.13433489581323688
1977,2.2873841218681776e-13
1978,2.800053198172821e-13
1979,1.5436767068847797e-13
1980,8.156190405993628e-14
1981,1.916103137803888e-13
1982,1.504160140178357e-13
1983,1.8424609035989749e-13
1984,2.1957472647987963e-13
1985,2.1618864077201808e-13
1986,1.728776220119413e-13
1987,8.296046180936676e-14
1988,1.6978377667737346e-13
1989,1.7800899121558655e-13
1990,1.4024477451237556e-13
1991,2.2670336062039895e-13
1992,1.6450158095873504e-13
1993,2.102223560782222e-13
1994,2.1850108129725317e-13
1995,1.6100984385909275e-13
1996,2.0251622032175988e-13
1997,2.1250311492661562e-13
1998,3.327609600905822e-13
1999,1.885334520547531e-13
2000,1.6006883001146028e-13
2001,2.1083360099116185e-13
2002,2.374211116224262e-13
2003,1.8424609035989749e-13
2004,1.9611574064798177e-13
2005,2.4963054412747343e-13
2006,2.6621095505928934e-13
2007,1.8241309694909653e-13
2008,1.8199977735845268e-13
2009,1.2247572047125741e-13
2010,5.451703735473317e-13
2011,1.6468038907766217e-13
2012,1.400535980068068e-13
2013,1.6769270969492325e-13
2014,2.350982277861674e-13
2015,1.7553353416631994e-13
2016,1.82245742893614e-13
2017,2.374211116224262e-13
2018,2.1763843839120797e-13
2019,2.8367468571390887e-13
2020,2.307148687840001e-13
2021,1.6327289389902355e-13
2022,3.394207140039062e-13
2023,1.4717590699716929e-13
2024,2.374211116224262e-13
2025,2.0801854938508487e-13
2026,2.590312926229333e-13
2027,2.000509899668225e-13
2028,3.394207140039062e-13
2029,2.9516391903486615e-13
2030,1.9134589101095164e-13
2031,4.3983705296107974e-13
2032,2.167053352496488e-13
2033,1.8956784303090334e-13
2034,2.1423508314799635e-13
2035,1.4717590699716929e-13
2036,1.6977901847700018e-13
2037,1.8094549536976537e-13
2038,2.0059996729487536e-13
2039,1.3165287419151387e-13
2040,1.3165287419151387e-13
2041,1.6961846702767492e-13
2042,2.1423508314799635e-13
2043,1.703320261896829e-13
2044,1.837214775996015e-13
2045,1.8070082565501484e-13
2046,1.6953592002213612e-13
2047,1.8956784303090334e-13
2048,1.2521635644091543e-13
2049,1.6566484421573524e-13
2050,1.8427492016053403e-13
2051,1.4687211578108421e-13
2052,2.0801854938508487e-13
2053,1.4679942834841797e-13
2054,1.2533332677996705e-13
2055,9.24552366763743e-14
2056,9.24552366763743e-14
2057,9.24552366763743e-14
2058,9.24552366763743e-14
2059,9.24552366763743e-14
2060,9.24552366763743e-14
2061,9.24552366763743e-14
2062,9.24552366763743e-14
2063,2.013849252517525e-13
2064,2.1776852156624584e-13
2065,1.9776157157818812e-13
2066,1.7273742099996416e-13
2067,2.5884746332964504e-13
2068,1.9137439949751626e-13
2069,1.7443118953781563e-13
2070,1.82245742893614e-13
2071,2.3833486550707066e-13
2072,1.8407123860779093e-13
2073,1.498938722151791e-13
2074,1.2245275486490505e-13
2075,1.0286234279922241e-13
2076,6.219725101634625e-13
2077,3.3605033681947477e-13
2078,7.642184844030432e-14
2079,1.5210666705558387e-13
2080,1.4958854753239232e-13
2081,3.867581036154544e-13
2082,1.289014526436678e-13
2083,1.3422737923378926e-13
2084,1.7297089351096642e-13
2085,1.814813373165528e-13
2086,1.8704163442591347e-13
2087,1.870059232661591e-13
2088,1.5223341545655646e-13
2089,1.8770497928870435e-13
2090,1.407101485828469e-13
2091,1.8704163442591347e-13
2092,1.5039777273892656e-13
2093,1.4969684238865734e-13
2094,1.9121946555259404e-13
2095,2.013849252517525e-13
2096,2.257257184419937e-13
2097,1.6765830265528593e-13
2098,1.8909207250059463e-13
2099,1.5057150780680901e-13
2100,3.2487869701307563e-13
2101,1.9407497273259878e-13
2102,1.8783974626809396e-13
2103,2.1231500562910275e-13
2104,2.105813452640252e-13
2105,1.5762517985511828e-13
2106,1.4164340041778587e-13
2107,1.229694036886304e-13
2108,1.6663657266130858e-13
2109,1.6663657266130858e-13
2110,2.4113012430878617e-13
2111,1.19309165832767e-13
2112,1.4127444087127882e-13
2113,1.7642428108868427e-13
2114,1.5880165104380008e-13
2115,2.4113012430878617e-13
2116,1.5880165104380008e-13
2117,1.856793451939166e-13
2118,1.5811219805798313e-13
2119,1.394878202546464e-13
2120,1.229694036886304e-13
2121,2.0029960362781872e-13
2122,1.6761417761768259e-13
2123,1.5626493763228574e-13
2124,2.0106139551099497e-13
2125,1.421098364819342e-13
2126,1.4170125283839498e-13
2127,1.6449536608507083e-13
2128,1.780797476338569e-13
2129,1.6102523715334508e-13
2130,5.438263063773112e-14
2131,2.715792201595874e-13
2132,1.362408044637659e-13
2133,1.4411671864109304e-13
2134,1.848275726829826e-13
2135,1.8278282498789516e-13
2136,1.8816166684596577e-13
2137,1.229694036886304e-13
2138,1.271408416204892e-13
2139,1.7377002559381972e-13
2140,1.3899034245640844e-13
2141,1.1257242803350474e-13
2142,1.9308074093483025e-13
2143,1.431132775615136e-13
2144,1.8816166684596577e-13
2145,1.3862614765402956e-13
2146,1.3950365748898133e-13
2147,1.56616283622469e-13
2148,1.785790661564732e-13
2149,1.7171718993168345e-13
2150,1.3856066772885778e-13
2151,1.0928182739814846e-13
2152,1.5852983986818958e-13
2153,1.7429162050236012e-13
2154,7.43883542932791e-14
2155,1.4381295533066214e-13
2156,1.0209044941264126e-13
2157,1.4362856473218118e-13
2158,4.082201065089425e-14
2159,1.6009489890590824e-13
2160,1.229694036886304e-13
2161,1.5085721201587342e-13
2162,1.453163127688968e-13
2163,1.8553588262221668e-13
2164,5.438263063773112e-14
2165,1.5590699896902496e-13
2166,1.187033304618271e-13
2167,1.6759735213289437e-13
2168,1.642906757920638e-13
2169,1.245150573967401e-13
2170,1.5590699896902496e-13
2171,1.4859942178817881e-13
2172,1.7768844200956068e-13
2173,1.5808211825086545e-13
2174,1.004525608623758e-13
2175,2.2539869890990036e-13
2176,2.0683690915158875e-13
2177,1.8553588262221668e-13
2178,1.668416803991917e-13
2179,1.639034542170547e-13
2180,1.665046533047119e-13
2181,1.6508877886998275e-13
2182,1.8450104156720488e-13
2183,1.559536166355954e-13
2184,3.1450127189895704e-13
2185,1.4684201510206298e-13
2186,1.172597491154417e-13
2187,1.4055919408110703e-13
2188,1.9495358004744682e-13
2189,1.3548303878522847e-13
2190,1.4562619321800594e-13
2191,2.26332254038365e-13
2192,1.8626242926641316e-13
2193,3.1386699840410944e-13
2194,1.249734413461459e-13
2195,1.7423888343231936e-13
2196,1.8015704076414602e-13
2197,2.193325493564239e-13
2198,1.4684201510206298e-13
2199,1.5878823842832024e-13
2200,1.6031739714694136e-13
2201,2.374211116224262e-13
2202,7.046349971321388e-14
2203,2.6857484583641682e-14
2204,1.2585348732382626e-13
2205,1.0272551616481384e-13
2206,1.6317796342091582e-13
2207,1.0474901248448172e-13
2208,1.2163253791507e-13
2209,1.6250742774570047e-13
2210,1.7176075448805617e-13
2211,1.8626242926641316e-13
2212,1.8776299039774125e-13
2213,1.209736309674843e-13
2214,8.143032211024323e-14
2215,1.1697966719937132e-13
2216,1.2394900293350726e-13
2217,1.6759735213289437e-13
2218,1.3659947447364612e-13
2219,1.3245117051062728e-13
2220,2.2871978225618083e-13
2221,3.278591156017898e-14
2222,4.8892362564616746e-14
2223,2.58274270675156e-13
2224,3.497381764925155e-13
2225,9.02359497793432e-13
2226,1.6981092840702312e-13
2227,1.7642428108868427e-13
2228,1.6031739714694136e-13
2229,1.4544906830988725e-13
2230,1.663943808930671e-13
2231,1.3414385813115808e-13
2232,1.453163127688968e-13
2233,6.375804475580141e-14
2234,2.0146814306792992e-13
2235,1.9835564958830946e-13
2236,1.599952691732818e-13
2237,1.8692413761212065e-13
2238,1.2905990081202784e-13
2239,1.0255135942060852e-13
2240,1.221187912535289e-13
2241,1.663424236423405e-13
2242,1.5751867238708709e-13
2243,1.7439390986304584e-13
2244,1.4593744200812343e-13
2245,2.243562950247871e-13
2246,1.221187912535289e-13
2247,1.4599286245205147e-13
2248,2.3795493577895454e-13
2249,1.7642428108868427e-13
2250,1.4562619321800594e-13
2251,2.950214625898089e-13
2252,1.5471444895265338e-13
2253,2.3051891739866253e-13
2254,5.270403858528119e-14
2255,1.3469867050397927e-13
2256,1.1844659489655234e-13
2257,3.5102177446980617e-13
2258,1.8882699603311666e-13
2259,3.339165426156907e-14
2260,1.7642428108868427e-13
2261,1.8046305169334975e-13
2262,1.4216899860981945e-13
2263,1.2726944621334733e-13
2264,1.8218071521610343e-13
2265,1.7235178349940629e-13
2266,1.8360899011635674e-13
2267,1.7944786608053053e-13
2268,1.5069730027565545e-13
2269,1.7506884142359627e-13
2270,1.7944786608053053e-13
2271,1.6734010731097027e-13
2272,1.6333541045391735e-13
2273,1.0626170278755054e-13
2274,1.7093032083506847e-13
2275,1.7439390986304584e-13
2276,1.5116602756376437e-13
2277,1.7439390986304584e-13
2278,1.7944786608053053e-13
2279,1.7944786608053053e-13
2280,8.591492795168403e-13
2281,1.816266520375371e-13
2282,1.7642428108868427e-13
2283,1.7439390986304584e-13
2284,1.7439390986304584e-13
2285,1.6767141159398663e-13
2286,1.0860834689882641e-13
2287,1.7647261381812682e-13
2288,1.7439390986304584e-13
2289,3.0797316336188863e-13
2290,1.7447202432628128e-13
2291,1.745501387895167e-13
2292,1.8850447161701897e-13
2293,2.6249341946580085e-13
2294,1.854586688220363e-13
2295,1.745501387895167e-13
2296,1.7642428108868427e-13
2297,1.3428522855449465e-13
2298,1.5747168938036437e-13
2299,1.077023159774488e-13
2300,1.745501387895167e-13
2301,1.6344891395705407e-13
2302,1.7986043774917534e-13
2303,1.8450182229801525e-13
2304,1.197611504193689e-13
2305,1.818165903622318e-13
2306,1.745501387895167e-13
2307,1.8626242926641316e-13
2308,1.7010836808102983e-13
2309,1.624817596721635e-13
2310,1.2698391368049762e-13
2311,1.3887248724974877e-13
2312,1.0318452246399761e-13
2313,1.453163127688968e-13
2314,1.5842064879154622e-13
2315,1.7548720993910047e-13
2316,1.147180033665589e-13
2317,1.0255135942060852e-13
2318,1.7125098574354502e-13
2319,7.227072412460015e-14
2320,1.4758918201224223e-13
2321,1.745501387895167e-13
2322,7.227072412460015e-14
2323,1.4063539864769492e-13
2324,1.5903671624429024e-13
2325,1.588847198558874e-13
2326,2.0436715677133696e-13
2327,7.227072412460015e-14
2328,1.4938772726430371e-13
2329,1.1371745575994965e-13
2330,2.0833789612928092e-13
2331,1.5154325436717712e-13
2332,1.5067239876947132e-13
2333,2.4085518939280784e-13
2334,1.7548720993910047e-13
2335,1.5477881931201657e-13
2336,2.607056602719345e-12
2337,1.5003337219330403e-13
2338,1.6248363261695414e-13
2339,9.383893758971911e-14
2340,1.5861363833246133e-13
2341,1.6684598158735e-13
2342,1.4837989094768145e-13
2343,1.3125751083449715e-13
2344,2.183063312512273e-13
2345,1.9497052235876222e-13
2346,1.745501387895167e-13
2347,1.2456429344456104e-13
2348,3.993109651218751e-13
2349,5.828368132570107e-14
2350,1.8767082231311797e-13
2351,1.9931764935512126e-13
2352,1.9039571893001062e-13
2353,1.745501387895167e-13
2354,3.2036375875908256e-13
2355,1.575146542553704e-13
2356,1.5498320290698211e-13
2357,1.439648608097814e-13
2358,1.4756310894831325e-13
2359,6.753024104215859e-14
2360,2.295776487779937e-13
2361,2.2478826176059285e-13
2362,1.682049324308811e-13
2363,2.0345571010718964e-13
2364,1.8351818375372846e-13
2365,1.6975609276271793e-13
2366,1.2700069068826504e-13
2367,1.7642428108868427e-13
2368,1.3933376127123251e-13
2369,7.827567794888205e-13
2370,2.0098498425113785e-13
2371,1.4670976220676576e-13
2372,1.3562428187673414e-13
2373,1.1964015238871348e-13
2374,1.2586331158407473e-13
2375,1.6754424619447935e-13
2376,1.4283194358624277e-13
2377,1.2569663603670125e-13
2378,1.7266890726203848e-13
2379,1.4930282266076124e-13
2380,1.5203965104905876e-13
2381,1.7246332028334383e-13
2382,9.006762746792663e-14
2383,1.9766971643584013e-13
2384,2.4235774195057086e-13
2385,2.432114850949718e-13
2386,1.8787798075942838e-13
2387,1.3001061297490832e-13
2388,1.580581236728457e-13
2389,2.0152695336902455e-13
2390,9.305315772151188e-14
2391,3.9406505610754993e-13
2392,1.1505498903833627e-13
2393,2.419114798185966e-13
2394,1.6439894464442532e-13
2395,2.350769337351914e-13
2396,1.70690415060301e-13
2397,3.4558877306996674e-13
2398,1.3717883330065668e-13
2399,1.821157322759464e-13
2400,2.252249600654693e-13
2401,1.8745664805824738e-13
2402,1.8830284888012503e-13
2403,9.510297724760759e-14
2404,2.6621095505928934e-13
2405,1.5279096623728705e-13
2406,1.5851973428466186e-13
2407,1.2695522650019593e-13
2408,5.576515404540022e-13
2409,9.820366969816746e-14
2410,1.373964737613616e-13
2411,6.591878457446799e-14
2412,1.8107995989978713e-13
2413,8.881987023401436e-14
2414,1.6891353343539268e-13
2415,1.5820703606897703e-13
2416,1.6418856063983997e-13
2417,1.3641846683940947e-13
2418,2.0241342305372967e-13
2419,1.2879236845988556e-13
2420,7.005560349520503e-14
2421,2.7512689357226707e-13
2422,1.0318452246399761e-13
2423,6.828395077244184e-14
2424,7.40249574199752e-14
2425,1.5247268835724736e-13
2426,1.654903060193851e-13
2427,1.3513849182851392e-13
2428,1.0318452246399761e-13
2429,1.1975491727404178e-13
2430,2.160331772513609e-13
2431,1.0774844741289195e-13
2432,1.0670569867414108e-13
2433,1.3070126422505675e-13
2434,1.0717884034746105e-13
2435,6.090242637843497e-14
2436,1.5780104422624335e-13
2437,1.0670569867414108e-13
2438,1.303157299797139e-13
2439,1.187105558112131e-13
2440,5.45803444033934e-13
2441,1.303157299797139e-13
2442,1.187105558112131e-13
2443,1.303157299797139e-13
2444,9.014662741592802e-14
2445,9.212304517994874e-14
2446,1.3310547752964467e-13
2447,1.303157299797139e-13
2448,8.821214054434214e-14
2449,9.053765288044526e-14
2450,1.5380183242862273e-12
2451,9.272933441101815e-14
2452,8.686289793492121e-14
2453,1.1076118660369969e-13
2454,1.187105558112131e-13
2455,1.5884931484277417e-13
2456,1.9965548256093756e-13
2457,1.0829617327334975e-13
2458,1.0829617327334975e-13
2459,1.3310547752964467e-13
2460,8.302353993138114e-14
2461,7.089615008695508e-14
2462,1.0125811016087994e-13
2463,1.072408753827163e-13
2464,1.0125811016087994e-13
2465,1.187105558112131e-13
2466,1.1820525930987164e-13
2467,1.187105558112131e-13
2468,1.187105558112131e-13
2469,1.9965548256093756e-13
2470,1.2185840027613558e-13
2471,1.0125811016087994e-13
2472,1.0125811016087994e-13
2473,1.5884931484277417e-13
2474,8.302353993138114e-14
2475,1.063207064437224e-13
2476,7.586302803760037e-14
2477,1.2507639412849026e-13
2478,5.6397280532232496e-14
2479,1.0111186920937133e-13
2480,9.60702654115062e-14
2481,1.0941985240542157e-13
2482,1.0061583832804876e-13
2483,1.1076118660369969e-13
2484,1.170955982822988e-13
2485,1.187105558112131e-13
2486,8.575818029578163e-14
2487,1.247419449119096e-13
2488,1.3310547752964467e-13
2489,1.4872830230955685e-13
2490,6.900170782640963e-14
2491,8.030079957490388e-14
2492,1.187105558112131e-13
2493,1.6025432962109775e-13
2494,1.6114909197133725e-13
2495,1.2482537087113475e-13
2496,8.030079957490388e-14
2497,1.3310547752964467e-13
2498,8.821214054434214e-14
2499,1.3310547752964467e-13
2500,8.315438840072923e-14
2501,1.357797734640013e-13
2502,1.0264392820492835e-13
2503,9.225480568063e-14
2504,5.467714507730233e-14
2505,4.79385792310021e-13
2506,5.883631053647735e-14
2507,1.1510852896600485e-13
2508,6.14847018443152e-14
2509,1.1510852896600485e-13
2510,1.1510852896600485e-13
2511,1.187105558112131e-13
2512,1.4365661422117825e-13
2513,2.7806953561524583e-13
2514,1.1510852896600485e-13
2515,1.1510852896600485e-13
2516,2.7806953561524583e-13
2517,4.79385792310021e-13
2518,1.1510852896600485e-13
2519,7.281309660900297e-14
2520,8.575818029578163e-14
2521,8.950313138690581e-14
2522,1.1510852896600485e-13
2523,9.36315559636505e-14
2524,1.3100577552022676e-13
2525,1.1724297113637324e-13
2526,8.745930312597348e-14
2527,8.745930312597348e-14
2528,2.8050356033383956e-14
2529,5.735900168327945e-14
2530,1.068829358524428e-13
2531,9.360444981788966e-14
2532,6.512828653701646e-14
2533,5.409779348411113e-14
2534,1.0277365442829424e-13
2535,3.1098625508173126e-13
2536,9.697068006837049e-14
2537,9.80101114487917e-14
2538,9.80101114487917e-14
2539,1.6282044467805564e-13
2540,2.748692463219927e-13
2541,1.0264392820492835e-13
2542,1.1931613662853062e-13
2543,1.0356145515916956e-13
2544,1.0881921919560399e-13
2545,9.573931608537632e-14
2546,5.0695756452064455e-14
2547,8.829496084162553e-14
2548,9.748526117938111e-14
2549,9.64120351848338e-14
2550,7.520800700891785e-14
2551,9.64120351848338e-14
2552,6.14847018443152e-14
2553,1.157150806850417e-13
2554,1.0923012983631441e-13
2555,2.714461669284175e-13
2556,9.212304517994874e-14
2557,9.29848461213374e-14
2558,7.281309660900297e-14
2559,8.821214054434214e-14
2560,1.0554759018093274e-13
2561,1.1724297113637324e-13
2562,3.1098625508173126e-13
2563,2.6882024698556135e-14
2564,9.573931608537632e-14
2565,9.212304517994874e-14
2566,5.3309591254438837e-14
2567,1.0041633895717354e-13
2568,1.0023439368776101e-13
2569,1.0041633895717354e-13
2570,1.0125811016087994e-13
2571,1.4564708270677666e-13
2572,9.64120351848338e-14
2573,9.373751080309982e-13
2574,1.278114267349872e-13
2575,9.64120351848338e-14
2576,6.14847018443152e-14
2577,7.26581563844484e-14
2578,0.0878215181959957
2579,1.1591078854078525e-13
2580,4.0108424476387364e-13
2581,8.963671086258409e-14
2582,7.281309660900297e-14
2583,7.358795349858464e-14
2584,1.0023439368776101e-13
2585,1.697103570019531e-13
2586,8.821214054434214e-14
2587,8.67966727274362e-14
2588,1.0859212282693377e-13
2589,1.0400927469254244e-13
2590,7.226069436894046e-14
2591,8.355616947723155e-14
2592,1.0187340217928837e-13
2593,1.2503448704730891e-13
2594,9.72040895822463e-14
2595,6.14847018443152e-14
2596,6.650230840831127e-14
2597,8.992854992979443e-14
2598,9.914506057961129e-14
2599,6.86381457726186e-14
2600,1.2760737065627944e-13
2601,1.002988117434688e-13
2602,1.697103570019531e-13
2603,1.0554759018093274e-13
2604,1.697103570019531e-13
2605,8.821214054434214e-14
2606,1.30992339701374e-13
2607,8.283242210786762e-14
2608,2.1464984834553367e-13
2609,1.278114267349872e-13
2610,1.1862476860724665e-13
2611,5.3309591254438837e-14
2612,1.0495430862775446e-13
2613,6.07971385630091e-14
2614,1.0105766264519967e-13
2615,9.41594294118678e-14
2616,4.622761833818715e-14
2617,4.622761833818715e-14
2618,5.3309591254438837e-14
2619,8.821214054434214e-14
2620,4.805816456429275e-14
2621,7.545303401551252e-14
2622,8.488950923850009e-14
2623,8.749960408181528e-14
2624,1.5884931484277417e-13
2625,8.749960408181528e-14
2626,9.432791301321826e-14
2627,1.0640278376407359e-13
2628,8.749960408181528e-14
2629,8.449146364507347e-14
2630,9.1122871446807e-14
2631,9.013178082552704e-14
2632,8.821214054434214e-14
2633,7.890052211312167e-14
2634,8.778280058093646e-14
2635,1.7815491905474403e-13
2636,9.914506057961129e-14
2637,6.14847018443152e-14
2638,5.127567971030426e-14
2639,1.278114267349872e-13
2640,1.123757283653246e-13
2641,1.2545356203291306e-13
2642,3.1098625508173126e-13
2643,1.0105766264519967e-13
2644,2.2510218820942124e-13
2645,1.123757283653246e-13
2646,8.488732189079882e-13
2647,7.586302803760037e-14
2648,5.883631053647735e-14
2649,3.9796787170630953e-13
2650,6.135278980412214e-14
2651,5.127567971030426e-14
2652,7.743090286983175e-14
2653,9.013178082552704e-14
2654,1.068829358524428e-13
2655,6.469282537727279e-14
2656,6.14847018443152e-14
2657,1.027746842792842e-13
2658,9.567294550547582e-14
2659,1.0007270352178698e-13
2660,6.754342905335104e-14
2661,1.002988117434688e-13
2662,7.545303401551252e-14
2663,1.1862476860724665e-13
2664,1.0960003073925759e-13
2665,3.036017773413266e-13
2666,2.8485113686494247e-14
2667,9.370567449046222e-14
2668,9.670693732857444e-14
2669,1.4860916110102082e-13
2670,1.068829358524428e-13
2671,1.8456419052939563e-13
2672,1.068829358524428e-13
2673,6.426818497241879e-14
2674,9.07406686582764e-14
2675,1.068829358524428e-13
2676,1.931105681630489e-13
2677,7.940082552190004e-14
2678,1.068829358524428e-13
2679,5.1597417854990415e-14
2680,8.502788014953902e-14
2681,1.390901593159439e-13
2682,1.0881921919560399e-13
2683,1.068829358524428e-13
2684,7.795349948451248e-14
2685,9.432791301321826e-14
2686,8.544876814134189e-14
2687,8.821214054434214e-14
2688,1.068829358524428e-13
2689,1.6652393043405224e-13
2690,8.015869857347068e-14
2691,1.0859212282693377e-13
2692,1.1525932427944798e-13
2693,8.015869857347068e-14
2694,1.068829358524428e-13
2695,8.821214054434214e-14
2696,9.432791301321826e-14
2697,6.07971385630091e-14
2698,1.3310547752964467e-13
2699,9.16884843497321e-14
2700,8.821214054434214e-14
2701,9.013178082552704e-14
2702,7.862953985484956e-14
2703,4.368857195436622e-14
2704,9.174787478121143e-14
2705,1.390901593159439e-13
2706,1.068829358524428e-13
2707,8.821214054434214e-14
2708,1.068829358524428e-13
2709,1.187105558112131e-13
2710,8.015869857347068e-14
2711,1.1525432719227597e-13
2712,9.231122706055197e-14
2713,8.821214054434214e-14
2714,7.852608387498743e-14
2715,7.842443211696646e-14
2716,7.726462356921783e-14
2717,8.745930312597348e-14
2718,9.225091114900763e-14
2719,3.414601539210525e-14
2720,6.900170782640963e-14
2721,7.842443211696646e-14
2722,7.842443211696646e-14
2723,1.068829358524428e-13
2724,1.2545356203291306e-13
2725,8.821214054434214e-14
2726,1.952367303466944e-13
2727,1.0111186920937133e-13
2728,1.2545356203291306e-13
2729,5.4078206215585774e-14
2730,1.2760737065627944e-13
2731,8.821214054434214e-14
2732,1.0378672291541148e-13
2733,1.368235998157315e-13
2734,7.940082552190004e-14
2735,5.514800846140324e-14
2736,5.4078206215585774e-14
2737,9.512530351356935e-14
2738,7.10549182409671e-14
2739,7.343605789054211e-14
2740,1.187105558112131e-13
2741,7.940082552190004e-14
2742,8.821214054434214e-14
2743,8.821214054434214e-14
2744,8.821214054434214e-14
2745,5.127567971030426e-14
2746,8.821214054434214e-14
2747,8.821214054434214e-14
2748,3.751427844465824e-14
2749,1.068829358524428e-13
2750,8.821214054434214e-14
2751,3.35825819097301e-14
2752,8.821214054434214e-14
2753,6.796256818170559e-14
2754,8.821214054434214e-14
2755,9.934263450706911e-14
2756,8.821214054434214e-14
2757,8.433240037273071e-14
2758,8.015869857347068e-14
2759,8.575818029578163e-14
2760,1.0111186920937133e-13
2761,9.053765288044526e-14
2762,9.053765288044526e-14
2763,8.821214054434214e-14
2764,8.821214054434214e-14
2765,1.008309873452796e-13
2766,6.14847018443152e-14
2767,8.821214054434214e-14
2768,7.696787842448558e-14
2769,2.2512655710688606e-13
2770,1.0111186920937133e-13
2771,8.821214054434214e-14
2772,8.821214054434214e-14
2773,5.127567971030426e-14
2774,8.987200894812626e-14
2775,8.821214054434214e-14
2776,3.414601539210525e-14
2777,1.0111186920937133e-13
2778,7.281309660900297e-14
2779,8.821214054434214e-14
2780,8.821214054434214e-14
2781,1.0111186920937133e-13
2782,8.821214054434214e-14
2783,8.821214054434214e-14
2784,8.821214054434214e-14
2785,8.589823849171555e-14
2786,8.821214054434214e-14
2787,7.281309660900297e-14
2788,3.640878868221119e-14
2789,3.751427844465824e-14
2790,7.10679471424279e-14
2791,7.938521158855223e-14
2792,7.10679471424279e-14
2793,8.821214054434214e-14
2794,4.5191922849435384e-14
2795,8.821214054434214e-14
2796,9.994952630162366e-14
2797,7.10549182409671e-14
2798,7.205835932054652e-14
2799,3.6521436421138164e-14
2800,6.583416387858079e-14
2801,8.821214054434214e-14
2802,7.205835932054652e-14
2803,8.015869857347068e-14
2804,9.994952630162366e-14
2805,7.862953985484956e-14
2806,8.821214054434214e-14
2807,7.26581563844484e-14
2808,8.821214054434214e-14
2809,6.650230840831127e-14
2810,8.821214054434214e-14
2811,7.899318994365027e-14
2812,9.994952630162366e-14
2813,9.994952630162366e-14
2814,8.821214054434214e-14
2815,6.399401467039534e-14
2816,6.000666757626322e-14
2817,5.127567971030426e-14
2818,9.994952630162366e-14
2819,1.0111186920937133e-13
2820,8.821214054434214e-14
2821,1.7082188422041224e-13
2822,9.573931608537632e-14
2823,8.821214054434214e-14
2824,5.104522470632063e-14
2825,9.994952630162366e-14
2826,8.821214054434214e-14
2827,2.5113109302887633e-12
2828,1.1641480055777992e-13
2829,2.5113109302887633e-12
2830,8.821214054434214e-14
2831,9.232330229654063e-14
2832,2.719131531886556e-14
2833,7.154674765437421e-14
2834,3.049118991748496e-14
2835,2.719131531886556e-14
2836,5.2308907895370034e-14
2837,8.821214054434214e-14
2838,7.795349948451248e-14
2839,1.3310547752964467e-13
2840,7.26581563844484e-14
2841,7.26581563844484e-14
2842,1.1862476860724665e-13
2843,6.472652149571299e-14
2844,8.821214054434214e-14
2845,8.821214054434214e-14
2846,8.821214054434214e-14
2847,9.732374207787455e-14
2848,8.821214054434214e-14
2849,5.862987455772084e-14
2850,9.732374207787455e-14
2851,9.72040895822463e-14
2852,1.408756053442182e-13
2853,7.26581563844484e-14
2854,1.1435989112809042e-13
2855,7.795349948451248e-14
2856,9.72040895822463e-14
2857,8.778280058093646e-14
2858,8.821214054434214e-14
2859,8.302353993138114e-14
2860,7.511618281190693e-14
2861,9.732374207787455e-14
2862,7.795349948451248e-14
2863,9.732374207787455e-14
2864,7.795349948451248e-14
2865,7.938521158855223e-14
2866,9.313121463320658e-14
2867,5.862987455772084e-14
2868,1.187105558112131e-13
2869,9.313121463320658e-14
2870,8.821214054434214e-14
2871,5.862987455772084e-14
2872,1.1435989112809042e-13
2873,9.1122871446807e-14
2874,9.732374207787455e-14
2875,5.862987455772084e-14
2876,8.821214054434214e-14
2877,6.768774476400963e-14
2878,6.650230840831127e-14
2879,7.205835932054652e-14
2880,1.2635067003834559e-13
2881,8.821214054434214e-14
2882,9.741105100149668e-14
2883,1.2635067003834559e-13
2884,5.862987455772084e-14
2885,6.940925589608564e-14
2886,8.711944171615968e-14
2887,7.205835932054652e-14
2888,7.389364406097567e-14
2889,9.313121463320658e-14
2890,7.488514255439992e-14
2891,9.360444981788966e-14
2892,8.821214054434214e-14
2893,8.711944171615968e-14
2894,8.490546420351156e-14
2895,7.62832255407287e-14
2896,8.711944171615968e-14
2897,2.1530243182953536e-13
2898,8.821214054434214e-14
2899,7.334749064109394e-14
2900,1.1229162596574063e-13
2901,6.438094500056325e-14
2902,8.711944171615968e-14
2903,8.727506939475835e-14
2904,8.821214054434214e-14
2905,7.256424648403023e-14
2906,7.26581563844484e-14
2907,8.821214054434214e-14
2908,7.862953985484956e-14
2909,8.821214054434214e-14
2910,5.742360760305643e-14
2911,7.862953985484956e-14
2912,7.471207625317131e-14
2913,9.545791035555823e-14
2914,7.26581563844484e-14
2915,7.938521158855223e-14
2916,1.3264969347957525e-13
2917,5.862987455772084e-14
2918,7.938521158855223e-14
2919,9.360444981788966e-14
2920,8.821214054434214e-14
2921,1.4017416356490242e-13
2922,9.313121463320658e-14
2923,9.313121463320658e-14
2924,5.1597417854990415e-14
2925,1.0371603203532722e-13
2926,8.821214054434214e-14
2927,8.821214054434214e-14
2928,9.38834889908882e-14
2929,7.488514255439992e-14
2930,9.212304517994874e-14
2931,7.862953985484956e-14
2932,6.650230840831127e-14
2933,7.862953985484956e-14
2934,8.490546420351156e-14
2935,5.1597417854990415e-14
2936,7.642184844030432e-14
2937,6.438094500056325e-14
2938,4.3679038430557505e-14
2939,8.490546420351156e-14
2940,8.275161509065025e-14
2941,8.821214054434214e-14
2942,8.821214054434214e-14
2943,1.1435989112809042e-13
2944,9.212304517994874e-14
2945,8.821214054434214e-14
2946,5.1597417854990415e-14
2947,8.821214054434214e-14
2948,6.296494903279585e-14
2949,7.488514255439992e-14
2950,9.212304517994874e-14
2951,6.211265786954535e-14
2952,8.821214054434214e-14
2953,6.816373256437849e-14
2954,9.212304517994874e-14
2955,1.4017416356490242e-13
2956,6.365655476702525e-14
2957,7.281309660900297e-14
2958,5.1597417854990415e-14
2959,9.48848571136735e-14
2960,1.1358451569532835e-13
2961,8.015869857347068e-14
2962,8.821214054434214e-14
2963,5.1597417854990415e-14
2964,7.0196619985606e-14
2965,6.105939562676445e-14
2966,8.821214054434214e-14
2967,7.26581563844484e-14
2968,6.650230840831127e-14
2969,1.0532258678832709e-13
2970,5.922329744827617e-14
2971,1.0945757589149799e-13
2972,5.922329744827617e-14
2973,7.625526276460205e-14
2974,7.386073221387999e-14
2975,5.60761624769176e-14
2976,6.335178359826512e-14
2977,1.1243827380026947e-13
2978,8.003290965688133e-14
2979,8.301503951765276e-14
2980,8.283329868627149e-14
2981,9.313121463320658e-14
2982,1.1025807173932316e-13
2983,8.003290965688133e-14
2984,8.384119594456113e-14
2985,6.276498242151363e-14
2986,7.281309660900297e-14
2987,9.313121463320658e-14
2988,5.1597417854990415e-14
2989,8.821214054434214e-14
2990,9.657608488410906e-14
2991,1.0371603203532722e-13
2992,1.0111186920937133e-13
2993,2.366783342240729e-13
2994,3.6088455103798356e-13
2995,6.105939562676445e-14
2996,8.821214054434214e-14
2997,1.187105558112131e-13
2998,4.7545706307115724e-14
2999,8.821214054434214e-14
3000,8.821214054434214e-14
3001,8.384119594456113e-14
3002,9.313121463320658e-14
3003,5.1597417854990415e-14
3004,8.821214054434214e-14
3005,1.0226203118488251e-13
3006,8.821214054434214e-14
3007,5.4085679714295653e-14
3008,7.0132527813063e-14
3009,1.0068102582790545e-13
3010,8.821214054434214e-14
3011,9.313121463320658e-14
3012,1.1607976710164592e-13
3013,8.821214054434214e-14
3014,7.281309660900297e-14
3015,9.225091114900763e-14
3016,5.1597417854990415e-14
3017,4.4808936657276555e-14
3018,1.4017416356490242e-13
3019,9.313121463320658e-14
3020,8.821214054434214e-14
3021,1.1496002860387875e-13
3022,5.1597417854990415e-14
3023,8.821214054434214e-14
3024,7.108449930490972e-14
3025,9.657608488410906e-14
3026,8.821214054434214e-14
3027,8.821214054434214e-14
3028,1.4017416356490242e-13
3029,7.108449930490972e-14
3030,5.249800803850478e-14
3031,6.295388701942224e-14
3032,9.225091114900763e-14
3033,9.360444981788966e-14
3034,2.586478188844637e-13
3035,2.700078278220425e-14
3036,8.719695493152292e-14
3037,8.719695493152292e-14
3038,8.719695493152292e-14
3039,8.719695493152292e-14
3040,8.739047252135642e-14
3041,8.719695493152292e-14
3042,8.821214054434214e-14
3043,8.283329868627149e-14
3044,7.26581563844484e-14
3045,8.719695493152292e-14
3046,8.719695493152292e-14
3047,8.719695493152292e-14
3048,8.821214054434214e-14
3049,8.727506939475835e-14
3050,8.719695493152292e-14
3051,8.719695493152292e-14
3052,9.313121463320658e-14
3053,8.015869857347068e-14
3054,8.719695493152292e-14
3055,6.816425239900753e-14
3056,8.719695493152292e-14
3057,8.821214054434214e-14
3058,3.5869046928056886e-14
3059,8.821214054434214e-14
3060,8.719695493152292e-14
3061,8.719695493152292e-14
3062,8.821214054434214e-14
3063,9.225091114900763e-14
3064,8.821214054434214e-14
3065,9.225091114900763e-14
3066,1.0218357838566848e-13
3067,4.8420976174914366e-14
3068,8.821214054434214e-14
3069,9.3414511493195e-14
3070,8.821214054434214e-14
3071,8.283329868627149e-14
3072,8.719695493152292e-14
3073,8.719695493152292e-14
3074,3.6135362062300075e-14
3075,8.719695493152292e-14
3076,8.719695493152292e-14
3077,6.350034534413252e-14
3078,8.821214054434214e-14
3079,3.6135362062300075e-14
3080,5.922329744827617e-14
3081,6.350034534413252e-14
3082,8.283329868627149e-14
3083,8.821214054434214e-14
3084,8.821214054434214e-14
3085,6.350034534413252e-14
3086,8.739047252135642e-14
3087,8.727506939475835e-14
3088,8.821214054434214e-14
3089,8.719695493152292e-14
3090,4.636105755022161e-14
3091,7.890052211312167e-14
3092,1.0218357838566848e-13
3093,6.350034534413252e-14
3094,7.256424648403023e-14
3095,3.1595304919606704e-14
3096,1.0218357838566848e-13
3097,1.8893032675711254e-13
3098,6.350034534413252e-14
3099,7.108449930490972e-14
3100,5.922329744827617e-14
3101,8.821214054434214e-14
3102,9.225091114900763e-14
3103,8.821214054434214e-14
3104,6.350034534413252e-14
3105,8.727506939475835e-14
3106,8.017613317385309e-14
3107,7.501668609665202e-14
3108,7.26581563844484e-14
3109,1.0124659876756772e-13
3110,9.211914116114933e-14
3111,8.821214054434214e-14
3112,1.0218357838566848e-13
3113,8.821214054434214e-14
3114,9.757209170500515e-14
3115,4.998297677311237e-14
3116,1.4017416356490242e-13
3117,5.1597417854990415e-14
3118,8.821214054434214e-14
3119,8.719695493152292e-14
3120,7.890052211312167e-14
3121,7.108449930490972e-14
3122,7.281309660900297e-14
3123,6.350034534413252e-14
3124,8.821214054434214e-14
3125,5.1597417854990415e-14
3126,6.350034534413252e-14
3127,8.727506939475835e-14
3128,4.910183484908373e-14
3129,8.980919617868272e-14
3130,6.350034534413252e-14
3131,1.4017416356490242e-13
3132,8.727506939475835e-14
3133,9.221684094954144e-13
3134,1.394878202546464e-13
3135,7.281309660900297e-14
3136,3.6135362062300075e-14
3137,7.141597179312138e-14
3138,3.6135362062300075e-14
3139,8.821214054434214e-14
3140,7.262015871053347e-14
3141,8.821214054434214e-14
3142,8.821214054434214e-14
3143,8.821214054434214e-14
3144,8.719695493152292e-14
3145,9.313121463320658e-14
3146,9.3414511493195e-14
3147,6.840414307812687e-14
3148,8.821214054434214e-14
3149,8.821214054434214e-14
3150,6.350034534413252e-14
3151,6.120460524462248e-14
3152,1.9965548256093756e-13
3153,4.636105755022161e-14
3154,8.727506939475835e-14
3155,1.0218357838566848e-13
3156,8.821214054434214e-14
3157,7.206693861959974e-14
3158,1.0218357838566848e-13
3159,1.4017416356490242e-13
3160,6.562875541724857e-14
3161,6.350034534413252e-14
3162,5.636975384405368e-14
3163,8.821214054434214e-14
3164,5.922329744827617e-14
3165,6.562875541724857e-14
3166,7.501668609665202e-14
3167,8.821214054434214e-14
3168,4.990990114738109e-14
3169,7.852608387498743e-14
3170,4.837003870501551e-14
3171,7.929606798938758e-14
3172,7.116741571730806e-14
3173,8.821214054434214e-14
3174,9.225091114900763e-14
3175,1.027746842792842e-13
3176,1.0218357838566848e-13
3177,9.313121463320658e-14
3178,9.225091114900763e-14
3179,6.816373256437849e-14
3180,8.719695493152292e-14
3181,8.727506939475835e-14
3182,9.64120351848338e-14
3183,3.513901381986708e-14
3184,4.1221284360973553e-13
3185,8.178287430132556e-14
3186,6.350034534413252e-14
3187,7.465141133038062e-14
3188,9.641042291490698e-14
3189,8.821214054434214e-14
3190,2.945935880569638e-14
3191,5.922329744827617e-14
3192,1.0218357838566848e-13
3193,8.821214054434214e-14
3194,9.212304517994874e-14
3195,4.9156618096862286e-14
3196,6.350034534413252e-14
3197,4.1295794982671854e-14
3198,8.727506939475835e-14
3199,7.281095294341397e-14
3200,8.727506939475835e-14
3201,6.649059315251258e-14
3202,8.821214054434214e-14
3203,8.727506939475835e-14
3204,1.175034662203753e-13
3205,9.186073879980075e-14
3206,1.0068102582790545e-13
3207,1.0990503316023601e-13
3208,6.276498242151363e-14
3209,8.205041821937203e-14
3210,8.821214054434214e-14
3211,8.821214054434214e-14
3212,8.051142328985653e-14
3213,8.672922311596875e-14
3214,2.6262836709942857e-14
3215,8.821214054434214e-14
3216,4.429101789706018e-14
3217,6.506366788338298e-14
3218,4.7551488623803796e-14
3219,7.101659205578402e-14
3220,8.672922311596875e-14
3221,8.727506939475835e-14
3222,1.0218357838566848e-13
3223,6.123966703079232e-14
3224,7.938521158855223e-14
3225,1.3204155673118652e-13
3226,4.7551488623803796e-14
3227,5.802440406112269e-14
3228,0.0
3229,1.0218357838566848e-13
3230,4.1797335828630554e-14
3231,1.0068102582790545e-13
3232,9.924450751390523e-14
3233,8.821214054434214e-14
3234,9.924450751390523e-14
3235,7.208912404908788e-14
3236,1.0068102582790545e-13
3237,4.870512595845942e-14
3238,3.015495787354795e-14
3239,2.586478188844637e-13
3240,1.0344453788802422e-14
3241,8.719695493152292e-14
3242,8.948496315881012e-14
3243,4.636105755022161e-14
3244,8.876716353241492e-14
3245,8.821214054434214e-14
3246,6.816373256437849e-14
3247,8.821214054434214e-14
3248,2.7062858926065643e-13
3249,4.636105755022161e-14
3250,8.876716353241492e-14
3251,8.672922311596875e-14
3252,4.636105755022161e-14
3253,8.821214054434214e-14
3254,8.525195111585912e-13
3255,2.925277768389833e-14
3256,8.821214054434214e-14
3257,4.4526183821097283e-14
3258,7.101659205578402e-14
3259,8.821214054434214e-14
3260,8.727506939475835e-14
3261,1.0833424176419111e-13
3262,4.7945349511699193e-14
3263,1.3245390392709858e-13
3264,1.216057425474859e-13
3265,6.74040912279511e-14
3266,5.53326547627665e-14
3267,7.62832255407287e-14
3268,9.641042291490698e-14
3269,7.938521158855223e-14
3270,9.67889606377597e-14
3271,0.039984840765314784
3272,4.9156618096862286e-14
3273,8.806409605725371e-14
3274,7.116741571730806e-14
3275,8.727506939475835e-14
3276,4.5494269159862945e-14
3277,1.0945757589149799e-13
3278,7.298934830414866e-14
3279,8.821214054434214e-14
3280,8.806409605725371e-14
3281,9.924450751390523e-14
3282,7.933210565013722e-14
3283,8.821214054434214e-14
3284,7.929606798938758e-14
3285,7.141597179312138e-14
3286,1.7647261381812682e-13
3287,5.5641094339419227e-14
3288,6.086847044908377e-14
3289,7.4271492072612e-14
3290,8.821214054434214e-14
3291,7.367848795652415e-14
3292,8.821214054434214e-14
3293,9.924450751390523e-14
3294,7.933210565013722e-14
3295,8.821214054434214e-14
3296,2.442283270051186e-14
3297,9.924450751390523e-14
3298,8.821214054434214e-14
3299,4.767202222762419e-14
3300,8.821214054434214e-14
3301,8.127812621528244e-14
3302,6.816373256437849e-14
3303,9.225091114900763e-14
3304,6.135278980412214e-14
3305,1.0218357838566848e-13
3306,7.479427376619616e-14
3307,1.0068102582790545e-13
3308,9.225091114900763e-14
3309,1.0068102582790545e-13
3310,7.26581563844484e-14
3311,2.707345778756295e-13
3312,8.487804638135896e-14
3313,8.821214054434214e-14
3314,7.76706331793823e-14
3315,1.3242679936378842e-13
3316,8.821214054434214e-14
3317,8.821214054434214e-14
3318,7.479427376619616e-14
3319,8.821214054434214e-14
3320,1.1378490858597378e-13
3321,7.933210565013722e-14
3322,6.650230840831127e-14
3323,1.0344453788802422e-14
3324,1.9820859624548604e-13
3325,8.739047252135642e-14
3326,5.2049807029701604e-14
3327,1.7704843204544462e-13
3328,8.727506939475835e-14
3329,8.821214054434214e-14
3330,8.821214054434214e-14
3331,8.876716353241492e-14
3332,8.821214054434214e-14
3333,7.031769932384746e-14
3334,7.116741571730806e-14
3335,8.821214054434214e-14
3336,1.0068102582790545e-13
3337,5.752749451916814e-14
3338,1.0945757589149799e-13
3339,8.821214054434214e-14
3340,1.1378490858597378e-13
3341,8.821214054434214e-14
3342,7.313225960794234e-14
3343,6.955058170365751e-14
3344,4.7551488623803796e-14
3345,7.938521158855223e-14
3346,7.313225960794234e-14
3347,9.053765288044526e-14
3348,4.7551488623803796e-14
3349,8.821214054434214e-14
3350,6.228214672228052e-14
3351,9.313121463320658e-14
3352,4.7551488623803796e-14
3353,2.7805176561019408e-14
3354,9.924450751390523e-14
3355,8.821214054434214e-14
3356,1.187105558112131e-13
3357,9.69404882014239e-14
3358,6.086847044908377e-14
3359,6.812547481942727e-14
3360,6.955058170365751e-14
3361,4.7551488623803796e-14
3362,1.0874076706857229e-13
3363,2.883486168578191e-14
3364,8.178287430132556e-14
3365,1.0218357838566848e-13
3366,9.924450751390523e-14
3367,8.821214054434214e-14
3368,7.465141133038062e-14
3369,1.3726851073218092e-13
3370,8.719695493152292e-14
3371,6.426818497241879e-14
3372,7.290278626083517e-14
3373,8.178287430132556e-14
3374,4.861878590995922e-14
3375,8.821214054434214e-14
3376,1.0344453788802422e-14
3377,2.4284000350875947e-14
3378,9.313121463320658e-14
3379,6.591878457446799e-14
3380,1.0009070833578289e-13
3381,6.426818497241879e-14
3382,7.890052211312167e-14
3383,5.896323969876164e-14
3384,5.269882707257172e-14
3385,8.821214054434214e-14
3386,6.14347784967249e-14
3387,6.591878457446799e-14
3388,0.039984840765314784
3389,7.976039809111832e-14
3390,7.094896538740804e-14
3391,2.4284000350875947e-14
3392,4.7551488623803796e-14
3393,6.851751302217934e-14
3394,3.5538587042265995e-14
3395,6.851751302217934e-14
3396,7.119517865770103e-14
3397,1.5256452653566288e-14
3398,4.861878590995922e-14
3399,4.533398310632223e-14
3400,1.4017416356490242e-13
3401,7.094896538740804e-14
3402,8.821214054434214e-14
3403,6.816373256437849e-14
3404,6.591878457446799e-14
3405,6.284654293789774e-14
3406,9.8269776065372e-14
3407,7.890052211312167e-14
3408,7.119517865770103e-14
3409,9.8269776065372e-14
3410,7.890052211312167e-14
3411,4.7551488623803796e-14
3412,7.929606798938758e-14
3413,4.2609042027535e-14
3414,8.821214054434214e-14
3415,6.211265786954535e-14
3416,6.955058170365751e-14
3417,8.35706968536684e-14
3418,8.821214054434214e-14
3419,4.145463104241078e-14
3420,5.83480516678102e-14
3421,8.821214054434214e-14
3422,8.821214054434214e-14
3423,4.861878590995922e-14
3424,4.533398310632223e-14
3425,6.591878457446799e-14
3426,4.861878590995922e-14
3427,7.890052211312167e-14
3428,8.675171212857301e-14
3429,4.861878590995922e-14
3430,7.890052211312167e-14
3431,7.890052211312167e-14
3432,2.4284000350875947e-14
3433,7.890052211312167e-14
3434,7.890052211312167e-14
3435,2.4284000350875947e-14
3436,2.4284000350875947e-14
3437,7.890052211312167e-14
3438,7.890052211312167e-14
3439,7.890052211312167e-14
3440,6.851751302217934e-14
3441,2.2907264124876695e-13
3442,7.890052211312167e-14
3443,1.0670569867414108e-13
3444,6.851751302217934e-14
3445,3.9314137291770624e-14
3446,2.8278318234339377e-14
3447,7.890052211312167e-14
3448,7.890052211312167e-14
3449,2.4284000350875947e-14
3450,3.0451213189217485e-14
3451,7.890052211312167e-14
3480,0.0
3516,1.0321389726619626e-12
3774,9.90430545579027e-13
3999,0.0
4017,8.478245785691364e-14
4057,9.994952630162366e-14
4311,1.7215944967149174e-13
4721,8.821214054434214e-14
4888,0.0
4910,0.0
4934,4.625710481507628e-13
5029,0.0
5140,7.10549182409671e-14
5342,4.636473876305924e-12
5389,4.2545992604279793e-13
5392,7.957453061472328e-14
5415,0.0
5446,8.719695493152292e-14
5533,1.303864628064233e-12
5660,0.0
5679,8.266882154389165e-13
5837,0.0
6014,0.0
6123,0.0
6131,0.0
6157,0.0
6166,0.0
6257,0.0
6290,0.0
6317,0.0
6336,0.0
6369,7.670215875319761e-13
6434,0.0
6644,0.0
6667,0.0
6736,0.0
6786,0.0
6792,0.013328280255105207
6878,4.572693688710547e-13
6921,7.890052211312167e-14
6958,0.0
7063,0.0
7087,0.0
7126,0.0
7161,7.890052211312167e-14
7163,0.0
7188,0.0
7198,0.0
7230,0.0
7273,2.4284000350875947e-14
7310,7.890052211312167e-14
7312,4.861878590995922e-14
7321,2.7805176561019408e-14
7325,7.890052211312167e-14
7327,9.635803036675615e-13
7328,3.3974879443063518e-12
7329,0.0
7330,0.0
7331,0.0
7332,0.0
7333,0.0
7334,2.7163163412844187e-13
7335,5.794973928997401e-13
7336,2.456346380944264e-13
7337,0.0
7338,0.0
7339,0.0
7340,5.332601105747402e-14
7341,7.597308071622341e-13
7342,0.0
7343,0.0
7344,0.0
7345,0.0
7346,0.0
7347,0.0
7348,0.0
7349,0.0
7350,0.0
7351,0.0
7352,0.0
7353,0.0
7354,0.0
7355,0.0
7356,0.0
7357,0.0
7358,0.0
7359,0.0
7360,0.0
7361,0.0
7362,0.0
7363,0.0
7364,0.0
7365,0.0
7366,0.0
7367,0.0
7368,0.0
7369,7.890052211312167e-14
7370,0.0
7371,4.914055331517831e-13
7372,1.5640380577250328e-12
7373,7.571256737921536e-13
7374,1.2868399550137826e-12
7375,5.289929791719714e-13
7376,0.0
7377,2.539353503780689e-13
7378,2.543749221937929e-15
7379,1.0344453788802422e-14
7380,1.2306492838038398e-12
7381,0.0
7382,0.0
7383,0.0
7384,0.0
7385,9.522279158140188e-14
7386,2.8278318234339377e-14
7387,2.7625210026090915e-13
7388,2.0484204881777502e-13
7389,4.406626649446477e-13
7390,5.642497971960681e-13
7391,1.747337296173225e-13
7392,1.453163127688968e-13
7393,2.5449028255322424e-14
7394,5.047935651746465e-13
7395,7.520259726252809e-14
7396,4.2379089396359695e-14
7397,5.107784290178727e-13
7398,4.855566303267802e-13
7399,0.0
7400,1.7034072262094458e-12
7401,6.079477007744971e-13
7402,3.735384576129921e-13
7403,3.802187254630922e-13
7404,0.0
7405,0.0
7406,2.9140079978598833e-13
7407,0.0
7408,0.0
7409,3.0471877346190706e-15
7410,3.29165153757029e-13
7411,3.2878058955279967e-13
7412,3.0321758305916134e-13
7413,6.289076561011349e-38
7414,2.1189544698179848e-14
7415,7.83921791315925e-13
7416,1.7598979981031596e-13
7417,7.13821781265105e-14
7418,3.6135362062300075e-14
7419,1.3106571586309866e-13
7420,2.9576149966118785e-13
7421,2.1424791537936417e-13
7422,0.0
7423,9.329587652451937e-13
7424,1.8678926059472874e-13
7425,0.0
7426,2.018022867501689e-13
7427,1.700686102314289e-13
7428,1.2861496627785662e-13
7429,6.227633920857492e-14
7430,3.462449948187127e-14
7431,1.7548720993910047e-13
7432,1.5543880195913682e-13
7433,1.662750296234167e-13
7434,1.6611443470452098e-13
7435,1.2760750512878848e-13
7436,1.637381310008406e-13
7437,6.764892322071196e-14
7438,1.5304157112711906e-13
7439,7.458926313637713e-14
7440,2.0477241780144583e-13
7441,0.0
7442,1.5566222031853779e-13
7443,6.279762745497507e-14
7444,5.663021800485666e-13
7445,8.484945901138273e-14
7446,7.938521158855223e-14
7447,6.086847044908377e-14
7448,0.0
7449,0.0
7450,0.0
7451,0.0
7452,0.0
7453,0.0
7454,0.0
7455,0.0
7456,0.0
7457,0.0
7458,0.0
7459,0.0
7460,0.0
7461,0.0
7462,0.0
7463,0.0
7464,0.0
7465,0.0
7466,0.0
7467,0.0
7468,0.0
7469,0.0
7470,0.0
7471,0.0
7472,0.0
7473,0.0
7474,0.0
7475,0.0
7476,0.0
7477,0.0
7478,0.0
7479,0.0
7480,0.0
7481,0.0
7482,1.0860834689882641e-13
7483,9.074742703551842e-15
7484,5.437994044287782e-14
7485,0.0
7486,0.0
7487,0.0
7488,0.0
7489,0.0
7490,0.0
7491,0.0
7492,0.0
7493,0.0
7494,0.0
7495,0.0
7496,0.0
7497,0.0
7498,4.855948904889415e-13
7499,3.183596178506404e-13
7500,5.5641094339419227e-14
7501,6.900170782640963e-14
7502,0.0
7503,1.3910116340731502e-13
7504,5.636975384405368e-14
7505,2.4370289892852666e-15
7506,7.098506300369472e-14
7507,1.3201145347098663e-13
7508,8.457261923315043e-14
7509,5.177454513549207e-13
7510,3.5538587042265995e-14
7511,8.950313138690581e-14
7512,1.3085244285508617e-12
7513,7.199624337827849e-14
7514,8.156746311662713e-13
7515,0.0
7516,1.8655971701989397e-13
7517,8.397758525085744e-13
7518,5.108211261647575e-13
7519,2.4849726632360284e-13
7520,1.5165634883563989e-13
7521,3.817293603315374e-13
7522,0.0765124938272319
7523,0.0765124938272319
7524,2.1386577222225953e-13
7525,1.0207322591623599e-12
7526,6.901868156446596e-14
7527,8.431766615910345e-14
7528,1.0218357838566848e-13
7529,6.236783619336508e-14
7530,3.547692414248194e-14
7531,2.707345778756295e-13
7532,0.025504164609077295
7533,0.0
7534,0.0
7535,3.099384956983407e-15
7536,6.460045644852799e-13
7537,0.0
7538,0.0
7539,0.0
7540,8.283329868627149e-14
7541,0.0
7542,0.0
7543,0.0
7544,0.0
7545,0.0
7546,0.0
7547,0.0
7548,0.0
7549,0.0
7550,2.7135432193996165e-12
7551,1.8501687707193995e-13
7552,9.05571483074567e-12
7553,3.1893029926493467e-13
7554,1.0319483570998083e-13
7555,0.0
7556,7.54422946618964e-14
7557,0.0
7558,1.9820859624548604e-13
7559,0.0
7560,1.165750289379794e-13
7561,1.1938989089768917e-13
7562,1.0112067262552252e-12
7563,1.5403662291893284e-13
7564,1.6006747561566392e-11
7565,4.9627348914689295e-12
7566,1.1358451569532835e-13
7567,0.0
7568,8.178287430132556e-14
7569,8.732861350116107e-14
7570,5.725854329566374e-13
7571,1.41263631321199e-14
7572,0.0
7573,0.0
7574,0.0
7575,1.9597016117528796e-13
7576,3.808984668273839e-15
7577,6.939024016303008e-13
7578,1.4017416356490242e-13
7579,5.176693077159956e-13
7580,7.50193667628062e-13
7581,3.029194562264573e-14
7582,1.2783441302558654e-13
7583,8.424113878374409e-14
7584,1.854804787535317e-14
7585,1.7389591884428585e-13
7586,8.739047252135642e-14
7587,0.0
7588,6.441875645439808e-13
7589,6.0727730651239e-13
7590,1.4665200116023686e-13
7591,7.630629769485231e-13
7592,0.0
7593,0.0
7594,9.478591475882012e-14
7595,3.3503760894810098e-12
7596,1.8424609035989749e-13
7597,0.0
7598,2.0483293323105315e-14
7599,1.9090977245242563e-14
7600,6.922466247565781e-13
7601,1.3318628090540008e-14
7602,1.1618046321587748e-14
7603,7.1761286136433264e-12
7604,1.8142228439809687e-13
